{
"type": "FeatureCollection",
"name": "行政区域",
"crs": { "type": "name", "properties": { "name": "urn:ogc:def:crs:OGC:1.3:CRS84" } },
"features": [
{ "type": "Feature", "properties": { "fid": 34496, "OBJECTID": 34496.0, "N03_001": "東京都", "N03_002": null, "N03_003": null, "N03_004": "千代田区", "N03_007": "13101", "Shape_Leng": 0.161938808948181, "Shape_Area": 0.001143311995505 }, "geometry": { "type": "MultiPolygon", "coordinates": [ [ [ [ 139.772865837288691, 35.703702135445383 ], [ 139.772793580359576, 35.7031201985385 ], [ 139.772866083702979, 35.703113531864176 ], [ 139.772906355344162, 35.703109640497701 ], [ 139.773296913821696, 35.703073532717553 ], [ 139.773325525752625, 35.703071027206306 ], [ 139.773376641419077, 35.70306630666488 ], [ 139.773661362282269, 35.70303991965676 ], [ 139.773614695561946, 35.702929360601672 ], [ 139.773529416449605, 35.702728252407098 ], [ 139.773170532094582, 35.701878802265071 ], [ 139.773265811668011, 35.701844081239528 ], [ 139.773548859792186, 35.701741306716087 ], [ 139.773753865648587, 35.701666586543922 ], [ 139.77424525341587, 35.701487973091673 ], [ 139.774481920804192, 35.701402135500302 ], [ 139.774581089046251, 35.701366027720155 ], [ 139.7745980295756, 35.701359919524805 ], [ 139.774673022242382, 35.701332694348537 ], [ 139.774714695027342, 35.70131769455611 ], [ 139.775000000449836, 35.701213838148306 ], [ 139.775003865736039, 35.701212441501127 ], [ 139.775103307371865, 35.701176027052156 ], [ 139.77536386525037, 35.701081305957644 ], [ 139.775460246493367, 35.701046306142302 ], [ 139.775613580002869, 35.700990468135785 ], [ 139.775626355771919, 35.700986027283477 ], [ 139.775756082977068, 35.700938802084238 ], [ 139.77583747162214, 35.70090908128924 ], [ 139.776149416762337, 35.70079574782568 ], [ 139.776286355630987, 35.700745748217855 ], [ 139.776644137417179, 35.700615748518146 ], [ 139.776886083825843, 35.700597414039578 ], [ 139.776946913069764, 35.700592694397471 ], [ 139.778435253284442, 35.700479640623087 ], [ 139.778721634296176, 35.700457973257016 ], [ 139.779050532556198, 35.700432973003444 ], [ 139.77911330703364, 35.700428252462075 ], [ 139.779151089351444, 35.700425468160972 ], [ 139.780088612799432, 35.700354080876309 ], [ 139.780180272601683, 35.700347414201985 ], [ 139.780393606180155, 35.700331306444809 ], [ 139.780384163298663, 35.700281027147867 ], [ 139.780368612221878, 35.700196306514499 ], [ 139.780342477023851, 35.700055198388839 ], [ 139.780332309288838, 35.700000000699617 ], [ 139.780332283208509, 35.699999918861351 ], [ 139.780102477647347, 35.698753802046497 ], [ 139.78009024686753, 35.698687973471351 ], [ 139.779977470983681, 35.698077973220052 ], [ 139.78007635503991, 35.698069640101949 ], [ 139.780195525103522, 35.698059919329978 ], [ 139.78031024622112, 35.698050468354609 ], [ 139.780709416606442, 35.698017134982933 ], [ 139.78118525329694, 35.697977973105139 ], [ 139.78126442331461, 35.697971306430816 ], [ 139.781703580256249, 35.697934918961494 ], [ 139.781748301742937, 35.697931306384874 ], [ 139.781783865433226, 35.69792825228717 ], [ 139.782267756452029, 35.697887973451373 ], [ 139.782309144151895, 35.697884640563871 ], [ 139.782351362825352, 35.697881000108225 ], [ 139.782660804252941, 35.69785544137568 ], [ 139.78265247743002, 35.697765721411088 ], [ 139.782648300978508, 35.697718505204989 ], [ 139.782632192322012, 35.69754238737147 ], [ 139.782615525186543, 35.697361838578161 ], [ 139.782608586017659, 35.697283252220473 ], [ 139.782574695066273, 35.696913802630036 ], [ 139.782570804599118, 35.696873252198998 ], [ 139.782561634212243, 35.696770197986439 ], [ 139.782560246558319, 35.696755198194012 ], [ 139.782554695043359, 35.696696865468141 ], [ 139.782543307827609, 35.696571306620683 ], [ 139.782536083573632, 35.696426865607521 ], [ 139.782534423425091, 35.696392972857552 ], [ 139.782533307366407, 35.69637408169865 ], [ 139.782525253038216, 35.696214639993798 ], [ 139.782069416370632, 35.696259080892048 ], [ 139.782062477201748, 35.696182694276104 ], [ 139.782058586734593, 35.696138252478534 ], [ 139.78205469536806, 35.696095468131489 ], [ 139.782020804416788, 35.695715468594187 ], [ 139.78201635547066, 35.695664919500587 ], [ 139.781992477570952, 35.695400468457024 ], [ 139.781978275477172, 35.695239919686685 ], [ 139.781978002982669, 35.695237973553787 ], [ 139.782122166105296, 35.695115198108056 ], [ 139.782166615097367, 35.695077413991612 ], [ 139.782521051405524, 35.694775198616696 ], [ 139.782588560813565, 35.6947176941664 ], [ 139.782557717664758, 35.694694640045782 ], [ 139.782096615466571, 35.694349080945472 ], [ 139.782066887477072, 35.694326864993002 ], [ 139.782022438484887, 35.694293532520703 ], [ 139.781239663180145, 35.693707134976478 ], [ 139.781203839585714, 35.693681306447274 ], [ 139.781093281430003, 35.69360130635539 ], [ 139.781001608137899, 35.69353519809107 ], [ 139.7803341124295, 35.693052973516103 ], [ 139.780293554803848, 35.69302353241028 ], [ 139.780246329604552, 35.692989640559631 ], [ 139.780226887161348, 35.692975468143516 ], [ 139.779989948177786, 35.69315380190659 ], [ 139.779963839060088, 35.69313519853074 ], [ 139.779830506472877, 35.69304046844303 ], [ 139.779787173539376, 35.693009640582602 ], [ 139.778803800854917, 35.692311306221995 ], [ 139.778728249709161, 35.692257414348376 ], [ 139.778641025363186, 35.692195468146508 ], [ 139.777707977841033, 35.691768252403108 ], [ 139.77762464306295, 35.69173880230403 ], [ 139.777521310060592, 35.691702413935445 ], [ 139.777419974452414, 35.691666667682739 ], [ 139.77741972803824, 35.691666585844416 ], [ 139.776681025808898, 35.691406027066648 ], [ 139.776622139999972, 35.691385197868726 ], [ 139.776557690984873, 35.691362694133204 ], [ 139.776085473166177, 35.691196027274998 ], [ 139.776013256706619, 35.691169080888528 ], [ 139.775291829554476, 35.69089880223811 ], [ 139.775242387526305, 35.69088019796294 ], [ 139.775111556853062, 35.690831306319922 ], [ 139.775003774005199, 35.690790838626469 ], [ 139.775000000449836, 35.690789414100323 ], [ 139.774955447136335, 35.690772693904876 ], [ 139.774905447528567, 35.690753801846654 ], [ 139.774531284591262, 35.690613802585062 ], [ 139.773893774078601, 35.690401306275419 ], [ 139.773849883565504, 35.690386586172167 ], [ 139.772599053403724, 35.689969640686513 ], [ 139.772464332263326, 35.689924919199825 ], [ 139.772462114535188, 35.689924081031677 ], [ 139.772331829750328, 35.689880748098233 ], [ 139.771878780981183, 35.689729640410746 ], [ 139.77108208866764, 35.689491865057676 ], [ 139.771027639214367, 35.689475748307302 ], [ 139.770432088370399, 35.689297973023201 ], [ 139.768121388291661, 35.688636550436627 ], [ 139.768849300455031, 35.687931026895512 ], [ 139.769173126538703, 35.68756988344353 ], [ 139.769675694677744, 35.686911586001031 ], [ 139.77015177778253, 35.686135468377302 ], [ 139.770433995832377, 35.685402135100617 ], [ 139.770434280018208, 35.68540158651416 ], [ 139.770628716142483, 35.684896586608374 ], [ 139.770900661236738, 35.684508531843449 ], [ 139.770896226679724, 35.684403802193856 ], [ 139.770874553018416, 35.683871306415824 ], [ 139.770864838541684, 35.683640748122173 ], [ 139.77086455345659, 35.683633252272955 ], [ 139.770852309186921, 35.683333332867164 ], [ 139.770852309186921, 35.683333251928218 ], [ 139.770827056223879, 35.682723532265356 ], [ 139.770812892800905, 35.682379919298 ], [ 139.770810947567384, 35.682329919690233 ], [ 139.770808716349393, 35.682274640162689 ], [ 139.770782581151366, 35.681641586690034 ], [ 139.770779248263921, 35.681561586598093 ], [ 139.770776200461455, 35.68148963993508 ], [ 139.770764812346442, 35.681211865435387 ], [ 139.770747860125766, 35.681104360478002 ], [ 139.770740636771166, 35.681059081411661 ], [ 139.770734254282615, 35.681017694611057 ], [ 139.770683969589754, 35.680700748341053 ], [ 139.770677030420757, 35.68065574806451 ], [ 139.770669805267516, 35.68061019830219 ], [ 139.770621479298029, 35.680303801979051 ], [ 139.770613411479985, 35.680254081161081 ], [ 139.770598145488179, 35.680157413933671 ], [ 139.770571193705791, 35.67998574864356 ], [ 139.770503969382844, 35.679559946634413 ], [ 139.77044869075462, 35.679210505160825 ], [ 139.770441751585736, 35.679167441124662 ], [ 139.770431751124647, 35.679103838371589 ], [ 139.770327004387923, 35.678440505625019 ], [ 139.770322283846554, 35.678410505140846 ], [ 139.770300610185245, 35.678391054603651 ], [ 139.770259780064976, 35.678354945924184 ], [ 139.769978664583846, 35.67810522487639 ], [ 139.769942827499676, 35.678073558847814 ], [ 139.76968116705234, 35.677841054421265 ], [ 139.769337834673479, 35.677535775056128 ], [ 139.769245616392254, 35.677454108520465 ], [ 139.768974773866944, 35.677213279069747 ], [ 139.768938392692803, 35.677181054562197 ], [ 139.768895331354656, 35.677142720959978 ], [ 139.768859494270373, 35.677111054032082 ], [ 139.768736161244988, 35.677001054355344 ], [ 139.768581725166655, 35.676863838495535 ], [ 139.768445888866836, 35.676743278979302 ], [ 139.768312555380248, 35.676624667394663 ], [ 139.768018106550585, 35.676363279441944 ], [ 139.767967275969227, 35.6763182791654 ], [ 139.767928105997498, 35.676283279350002 ], [ 139.76792089523326, 35.676276892364854 ], [ 139.767638080033521, 35.676025775569258 ], [ 139.767602529833084, 35.675994387431217 ], [ 139.767315032762781, 35.675738837877248 ], [ 139.767260856703388, 35.675690505612522 ], [ 139.767059196325022, 35.675511613370418 ], [ 139.766843087438701, 35.675319386880346 ], [ 139.766769468036728, 35.675254108690353 ], [ 139.766670311485882, 35.67516600031081 ], [ 139.766666667432901, 35.675162748362311 ], [ 139.766483502511846, 35.674999999850286 ], [ 139.766483450351075, 35.674999945890931 ], [ 139.766315032512921, 35.674850224958107 ], [ 139.766303917791788, 35.674840225396224 ], [ 139.766257808651176, 35.674799387182134 ], [ 139.765404475236551, 35.674041054551196 ], [ 139.765341141380759, 35.673984667058903 ], [ 139.765275577206353, 35.673926613122887 ], [ 139.764340830864853, 35.673096054139762 ], [ 139.764282776029518, 35.673044666878013 ], [ 139.763684162993854, 35.672512721485077 ], [ 139.763357497750462, 35.672421892656359 ], [ 139.76262778244643, 35.672218559539033 ], [ 139.762128885339962, 35.672079946132783 ], [ 139.761989728743174, 35.67204105405159 ], [ 139.761707198628528, 35.671962441613573 ], [ 139.761602191987777, 35.671933279297548 ], [ 139.760868859610355, 35.671728838215472 ], [ 139.760761089352968, 35.671699108427276 ], [ 139.760538586286884, 35.671636892428808 ], [ 139.76042302250471, 35.671604946711113 ], [ 139.760243307382893, 35.671554946203969 ], [ 139.759803580271182, 35.671432441454158 ], [ 139.759634695684781, 35.671385504937291 ], [ 139.759520246162651, 35.67135355921954 ], [ 139.759207198453623, 35.671266333074982 ], [ 139.759133580850289, 35.6712457754723 ], [ 139.758825253682744, 35.671160225664039 ], [ 139.758509974755725, 35.671072441040508 ], [ 139.758336913717812, 35.671024170829014 ], [ 139.758333333516703, 35.67102317168218 ], [ 139.758078859551915, 35.670952171105966 ], [ 139.757535811128946, 35.670800946506631 ], [ 139.757019105647373, 35.670657170991831 ], [ 139.756449663021726, 35.670498865130696 ], [ 139.75622355457358, 35.670435801970825 ], [ 139.756125499692189, 35.670408586687074 ], [ 139.754461051536509, 35.669944973581835 ], [ 139.754316887514506, 35.669904973535893 ], [ 139.752866057123015, 35.670262198641694 ], [ 139.752141051568401, 35.670386081152913 ], [ 139.752005499454413, 35.670409414063386 ], [ 139.75183966356974, 35.67043774810378 ], [ 139.751132698415518, 35.670559134996267 ], [ 139.750070752863166, 35.670805532149757 ], [ 139.750003528540219, 35.67082108142796 ], [ 139.750000000499767, 35.670821892616402 ], [ 139.749961582361266, 35.67083080219993 ], [ 139.749516031239978, 35.67083080219993 ], [ 139.749243528566126, 35.670788865014288 ], [ 139.749194086538068, 35.670781360171816 ], [ 139.749114358041425, 35.670712748194944 ], [ 139.748934916313488, 35.670558586409811 ], [ 139.748864643288812, 35.670498586340841 ], [ 139.74884907962155, 35.670484973303019 ], [ 139.748173528685584, 35.669904693846718 ], [ 139.748146861088912, 35.669884135344716 ], [ 139.747802412651367, 35.669617468371655 ], [ 139.747667691510969, 35.669608586667096 ], [ 139.747641582393271, 35.6696152524421 ], [ 139.747479364481251, 35.669656360452848 ], [ 139.747212970002693, 35.669904693846718 ], [ 139.746989079282798, 35.67005858583525 ], [ 139.746976589498217, 35.670267197972976 ], [ 139.746962412585503, 35.670504973326047 ], [ 139.746771855237057, 35.670509135388443 ], [ 139.746647419642841, 35.67046830616755 ], [ 139.74623185551593, 35.670515532266165 ], [ 139.746118521152994, 35.670535532289136 ], [ 139.745985473650876, 35.670559134996267 ], [ 139.745376861053501, 35.670666639953652 ], [ 139.745346304788313, 35.670671918974051 ], [ 139.745301025721915, 35.670993027306508 ], [ 139.745217419348592, 35.671003865036482 ], [ 139.745123256733109, 35.67101969400386 ], [ 139.745002970610813, 35.671039694026831 ], [ 139.744134643698999, 35.671185532586435 ], [ 139.743657419354577, 35.671249973507656 ], [ 139.743630195077571, 35.671259134901334 ], [ 139.743451025844365, 35.671320532516745 ], [ 139.743362412045826, 35.671359973184394 ], [ 139.743206031633235, 35.671429694025335 ], [ 139.743170752128663, 35.671451360492085 ], [ 139.742929364198972, 35.671598865495412 ], [ 139.742582412048819, 35.671811360006416 ], [ 139.742576861433236, 35.671814694692557 ], [ 139.742286031475373, 35.67199636044387 ], [ 139.741721310290473, 35.672368026863126 ], [ 139.741670195523284, 35.672401747842571 ], [ 139.741666667482946, 35.672404081583238 ], [ 139.7416151884903, 35.672438027393241 ], [ 139.741478521217005, 35.672512748464726 ], [ 139.741386861414753, 35.672562748072551 ], [ 139.74128574614042, 35.672623586309612 ], [ 139.740909079490621, 35.672850532026587 ], [ 139.740187134328949, 35.673285252612459 ], [ 139.740020467470799, 35.673385532416546 ], [ 139.739899922343739, 35.673458306455871 ], [ 139.739452970078673, 35.673753306570006 ], [ 139.739366031717168, 35.673813586328095 ], [ 139.739281310184538, 35.673872748228916 ], [ 139.739071581988128, 35.6740185858892 ], [ 139.739061310831062, 35.674025532252699 ], [ 139.738982140813278, 35.674178306383908 ], [ 139.738902140721393, 35.67433163989341 ], [ 139.738763800708966, 35.674598305967208 ], [ 139.738747977137564, 35.674664414231472 ], [ 139.73869880760401, 35.674871081135677 ], [ 139.738656550259748, 35.674999972870637 ], [ 139.738656550259748, 35.674999999850286 ], [ 139.738605188179122, 35.675156640166961 ], [ 139.738511855637853, 35.675348586068537 ], [ 139.738475188479356, 35.67541802722036 ], [ 139.738454916861087, 35.67545635992326 ], [ 139.738312970567335, 35.675765802250112 ], [ 139.738215473265655, 35.675941360705394 ], [ 139.738118807836941, 35.676067747828483 ], [ 139.737872139987417, 35.676390532497237 ], [ 139.737526588981041, 35.67687386503701 ], [ 139.737409637544943, 35.677293306141337 ], [ 139.737222996744094, 35.678021640086797 ], [ 139.737186887165308, 35.678089973273813 ], [ 139.737176615108865, 35.678109694506986 ], [ 139.737128560734618, 35.678201080915301 ], [ 139.73702910560894, 35.678390532097524 ], [ 139.737028003040109, 35.678392748027079 ], [ 139.736997717470899, 35.67844997368752 ], [ 139.73692189472979, 35.678594135011508 ], [ 139.736865227548378, 35.678702198447866 ], [ 139.736840506084718, 35.678748865168131 ], [ 139.736775226995292, 35.678873027368468 ], [ 139.73648966346741, 35.678821081627802 ], [ 139.735897173016269, 35.678758865629334 ], [ 139.735330195432311, 35.67871441393919 ], [ 139.735038806995476, 35.678715532695833 ], [ 139.734722412009887, 35.678732748417758 ], [ 139.734431582052025, 35.678748306689158 ], [ 139.734177134167567, 35.678784414469305 ], [ 139.734010195714177, 35.678815802607346 ], [ 139.733833799990066, 35.678878027599069 ], [ 139.733578807116487, 35.6790599730395 ], [ 139.733400195462877, 35.679230801960102 ], [ 139.733336861607086, 35.679312360577171 ], [ 139.733333333566634, 35.679316919240591 ], [ 139.733319079312196, 35.67933525192052 ], [ 139.733183800592087, 35.679527748207192 ], [ 139.7331057466331, 35.679704134938049 ], [ 139.733017445798623, 35.679907468055376 ], [ 139.732958003309363, 35.680145252401644 ], [ 139.732944669061453, 35.680198306107116 ], [ 139.732804384714768, 35.68047330619828 ], [ 139.732632996415873, 35.680618865068709 ], [ 139.732465499483396, 35.680736360594722 ], [ 139.732339390250786, 35.680825802668835 ], [ 139.731992724085103, 35.681071386835185 ], [ 139.731815772580035, 35.681196946581963 ], [ 139.731787717329439, 35.681216946604991 ], [ 139.731712996257897, 35.681269721520607 ], [ 139.731619663716629, 35.681336108574726 ], [ 139.731597173470959, 35.681365838362922 ], [ 139.731499390184922, 35.681495279583658 ], [ 139.731201608467586, 35.681976108410822 ], [ 139.731023554393687, 35.682324441020285 ], [ 139.731003554370659, 35.682363333101534 ], [ 139.730752996054093, 35.682877748009844 ], [ 139.730607717772159, 35.683249972908072 ], [ 139.730575253145616, 35.683333305887516 ], [ 139.730575253145616, 35.683333332867164 ], [ 139.730564112344041, 35.683361919617084 ], [ 139.73048494232637, 35.68355080242776 ], [ 139.730414669301695, 35.683823027211076 ], [ 139.730322166834753, 35.684249694368077 ], [ 139.730269390120384, 35.684513027554317 ], [ 139.730194112368622, 35.684661640522449 ], [ 139.730174112345594, 35.6847008024003 ], [ 139.73012635564703, 35.684904973685775 ], [ 139.730119416478033, 35.684935802445466 ], [ 139.730075525065558, 35.685123026906354 ], [ 139.730049416847237, 35.685235532094282 ], [ 139.730014695821751, 35.685384135169841 ], [ 139.730001362473104, 35.685541919424224 ], [ 139.730045525480818, 35.685704135537605 ], [ 139.7300905320526, 35.685786360552243 ], [ 139.730164137065458, 35.685920532206978 ], [ 139.730190532167512, 35.686074135513081 ], [ 139.73025219238491, 35.686315532436026 ], [ 139.730261089377905, 35.686450532366337 ], [ 139.73026413718037, 35.686493305921488 ], [ 139.730272749987648, 35.686624972964296 ], [ 139.730278586587701, 35.686711360041386 ], [ 139.730379689271444, 35.686966640698074 ], [ 139.730665525293944, 35.687538027658036 ], [ 139.730762192521297, 35.687876640394791 ], [ 139.730793061750546, 35.688104414387396 ], [ 139.730845006591949, 35.688294973534369 ], [ 139.730955279662567, 35.688474135573074 ], [ 139.731016938980702, 35.688628027561606 ], [ 139.731043333183493, 35.688759694604414 ], [ 139.731094449749207, 35.688975802591358 ], [ 139.731175279016043, 35.689142468550244 ], [ 139.731236939233554, 35.689225802429007 ], [ 139.731377224479502, 35.689401359984913 ], [ 139.731575279475692, 35.689573305863519 ], [ 139.731658612455135, 35.689621639926884 ], [ 139.732078054458839, 35.689796639903193 ], [ 139.732287224176275, 35.689883865148431 ], [ 139.732532503472385, 35.690014414333916 ], [ 139.732542776428204, 35.690019973043491 ], [ 139.732810830155813, 35.690162467923699 ], [ 139.733113916973821, 35.690373027093699 ], [ 139.733333333566634, 35.690521225474356 ], [ 139.733336978518878, 35.690523667133675 ], [ 139.733990856692913, 35.69096525224478 ], [ 139.734070026710583, 35.691018865328545 ], [ 139.734362802801343, 35.691200252290002 ], [ 139.734955577438086, 35.691507467895519 ], [ 139.735265863329118, 35.69166664070309 ], [ 139.735265914590514, 35.691666667682739 ], [ 139.735319468318949, 35.691694135675959 ], [ 139.735713087189424, 35.691896640517712 ], [ 139.735843917862667, 35.691963864840659 ], [ 139.736077523059407, 35.692083864978542 ], [ 139.736142529654217, 35.692117468146819 ], [ 139.736154747843557, 35.692123586234686 ], [ 139.736283644974378, 35.692189973288805 ], [ 139.736727562027568, 35.692505252215767 ], [ 139.73700700476968, 35.692737467959944 ], [ 139.73757089498099, 35.693225252143861 ], [ 139.737794773110522, 35.693441081341007 ], [ 139.737835058241558, 35.693525801974374 ], [ 139.738226161708212, 35.693952747921173 ], [ 139.738868145448691, 35.694691892616902 ], [ 139.739080363867856, 35.69499689229292 ], [ 139.739083139175705, 35.695001054355316 ], [ 139.739342023415816, 35.695372721673948 ], [ 139.739352022977641, 35.695387171081222 ], [ 139.739981193177755, 35.696291612967741 ], [ 139.741440661557476, 35.698162171347292 ], [ 139.741453722411507, 35.69818050492654 ], [ 139.74160483819287, 35.698390775414111 ], [ 139.741666667482946, 35.698463559345953 ], [ 139.7416703897768, 35.698467946238907 ], [ 139.742056226813588, 35.698922171321328 ], [ 139.742707912440437, 35.699685774878787 ], [ 139.742818755681242, 35.699786613161848 ], [ 139.742927912693176, 35.69988605389841 ], [ 139.743024643772515, 35.699999945841 ], [ 139.743024669852844, 35.700000000699617 ], [ 139.743035966237017, 35.700013279189648 ], [ 139.743209585753903, 35.700217721171043 ], [ 139.743467639020537, 35.700521333193137 ], [ 139.743609027734578, 35.700692440903595 ], [ 139.743735422052282, 35.700845775312473 ], [ 139.744122633253141, 35.701273559427364 ], [ 139.743727639319332, 35.701597720958205 ], [ 139.743690142985884, 35.701628559610526 ], [ 139.74384486414931, 35.701769387147692 ], [ 139.74391680901374, 35.701834667136325 ], [ 139.744026252010144, 35.701933838076343 ], [ 139.744131245161043, 35.702029108656632 ], [ 139.744303217119977, 35.702157721601736 ], [ 139.744310169778714, 35.702163000622136 ], [ 139.744461284660701, 35.702293000321845 ], [ 139.744478780971122, 35.702308278904127 ], [ 139.744582944047806, 35.702316612921493 ], [ 139.744686835529251, 35.702240774892005 ], [ 139.744742944231689, 35.702253000275903 ], [ 139.744790169430985, 35.702277171354524 ], [ 139.744977108806665, 35.702373558892816 ], [ 139.744995162696796, 35.702382721185813 ], [ 139.745095446997425, 35.702434387237361 ], [ 139.745126550050372, 35.702450504887054 ], [ 139.745263217323782, 35.70252077521377 ], [ 139.745264059988585, 35.702521333692744 ], [ 139.745394332182855, 35.702588279225893 ], [ 139.745572334995472, 35.702702135195523 ], [ 139.745638495420394, 35.702744387143923 ], [ 139.74587044136797, 35.702911054002129 ], [ 139.745984889990837, 35.702993000226968 ], [ 139.745992387638807, 35.702998279247367 ], [ 139.746008223800686, 35.703009667362437 ], [ 139.746467665850332, 35.703119108560202 ], [ 139.74670849530105, 35.703173838601913 ], [ 139.746711829087872, 35.703171333090722 ], [ 139.746770726587897, 35.703124387580601 ], [ 139.748017665383145, 35.703159387395999 ], [ 139.749064060757973, 35.703124387580601 ], [ 139.749723502138067, 35.703031054140013 ], [ 139.750000000499767, 35.702912838257021 ], [ 139.750003774055131, 35.702911224873276 ], [ 139.750325162076706, 35.702773838142264 ], [ 139.75053099980596, 35.70272466770939 ], [ 139.750812672866687, 35.702657170891882 ], [ 139.752833800239841, 35.702505225036248 ], [ 139.754123800373236, 35.702365224875393 ], [ 139.755326589650622, 35.702116054212695 ], [ 139.755602140126825, 35.702059108241428 ], [ 139.755893256069044, 35.701998802402954 ], [ 139.757197691220654, 35.701718532284588 ], [ 139.75762214064946, 35.701699360537248 ], [ 139.758333333516703, 35.701667198082873 ], [ 139.758337134051658, 35.701667000232021 ], [ 139.758487691354048, 35.701660198659397 ], [ 139.760652140084403, 35.701636586059749 ], [ 139.76130019514801, 35.701586586451981 ], [ 139.761819948432048, 35.701459360261424 ], [ 139.762248560822627, 35.701257973276995 ], [ 139.762911310808477, 35.700633532611619 ], [ 139.763456589550174, 35.700326306214208 ], [ 139.763604916533836, 35.700283532659057 ], [ 139.764561025371222, 35.700008532567892 ], [ 139.764594864161836, 35.700000000699617 ], [ 139.764595162736782, 35.699999918861351 ], [ 139.765632438086755, 35.699738252118834 ], [ 139.766022996564175, 35.699639919346964 ], [ 139.766219390512674, 35.699725468255906 ], [ 139.766224384447924, 35.699727694077978 ], [ 139.766381894409051, 35.69979630605485 ], [ 139.766419390742499, 35.699812694400464 ], [ 139.766557445669719, 35.699872694469434 ], [ 139.766666667432901, 35.699920279397531 ], [ 139.766670506638775, 35.699921945841311 ], [ 139.766849494208941, 35.699999918861351 ], [ 139.766849663281505, 35.700000000699617 ], [ 139.767111608813821, 35.700114081499805 ], [ 139.767286615085368, 35.700075198411866 ], [ 139.767316057090511, 35.700068532636863 ], [ 139.767336329608156, 35.700064080992718 ], [ 139.767483554022988, 35.700031306100072 ], [ 139.767559390253837, 35.700000000699617 ], [ 139.76755958540673, 35.699999918861351 ], [ 139.768284112521997, 35.699700748590828 ], [ 139.768335772278192, 35.699807414480745 ], [ 139.768386887045381, 35.699912413926938 ], [ 139.768429415984883, 35.699999918861351 ], [ 139.768429442065326, 35.700000000699617 ], [ 139.768498275275306, 35.700141586365305 ], [ 139.767790506127085, 35.700669640391766 ], [ 139.767697717675674, 35.700738801854413 ], [ 139.767866887347168, 35.700968531872434 ], [ 139.767449948156809, 35.701170748031757 ], [ 139.767303281321574, 35.701014640113726 ], [ 139.767202996121569, 35.701116026983243 ], [ 139.767156057806005, 35.701163252182482 ], [ 139.76682994834357, 35.701492413943924 ], [ 139.766670506638775, 35.701600225570132 ], [ 139.766666667432901, 35.701602838100655 ], [ 139.766401051767275, 35.701782413827516 ], [ 139.766542438682791, 35.702110468523472 ], [ 139.766562166211202, 35.702156586657338 ], [ 139.766666667432901, 35.702399171584659 ], [ 139.766670506638775, 35.702408081168187 ], [ 139.766772996077066, 35.702646027392404 ], [ 139.767843580517024, 35.702599919151112 ], [ 139.767877471468296, 35.702737973179069 ], [ 139.768097198327268, 35.70274297340967 ], [ 139.768086641185732, 35.702952413823027 ], [ 139.768080246106706, 35.703082135632201 ], [ 139.768069416470553, 35.703296027689703 ], [ 139.768067198742415, 35.703337972969223 ], [ 139.768060804562651, 35.703466027435411 ], [ 139.768212750418229, 35.703457694317308 ], [ 139.768376355084911, 35.703449081510087 ], [ 139.768440246520299, 35.70344546803409 ], [ 139.768484423017867, 35.703443252104591 ], [ 139.768751920065256, 35.70342853200134 ], [ 139.76878941639859, 35.703426585868385 ], [ 139.769058859578877, 35.703412135561791 ], [ 139.769096913491921, 35.703409919632236 ], [ 139.769137471117574, 35.703407694709483 ], [ 139.769334968534167, 35.703397134870045 ], [ 139.769572750182419, 35.703384360000371 ], [ 139.769689416533538, 35.703377973015222 ], [ 139.769894968278322, 35.70336686548859 ], [ 139.769967756706819, 35.703674640472457 ], [ 139.76998108915609, 35.703731305855229 ], [ 139.769988859298564, 35.703763532161418 ], [ 139.770089416093811, 35.704188802671297 ], [ 139.770101634283151, 35.704519360180484 ], [ 139.770104968069973, 35.704594081252026 ], [ 139.770109144521598, 35.70469130605909 ], [ 139.770131388353093, 35.705191586322826 ], [ 139.77013306109211, 35.705224081526296 ], [ 139.770134449645298, 35.705260198299698 ], [ 139.77013861260707, 35.705351586506652 ], [ 139.770208340642625, 35.705345468418784 ], [ 139.77033555154469, 35.705334081203034 ], [ 139.77037138862886, 35.705331027105387 ], [ 139.770435006670368, 35.705325468395813 ], [ 139.771289728638294, 35.705249919048697 ], [ 139.771346667414946, 35.705244919717416 ], [ 139.77139027284295, 35.705241027451621 ], [ 139.771814449777253, 35.705203532017549 ], [ 139.772637224228674, 35.705131026875563 ], [ 139.772678885322534, 35.705127414298886 ], [ 139.772894721714238, 35.705108252444063 ], [ 139.773039170821221, 35.705095468581192 ], [ 139.773035837034399, 35.705067693919091 ], [ 139.773029442854636, 35.705017414622148 ], [ 139.773023061265462, 35.704965748570601 ], [ 139.772957224596439, 35.704436586579391 ], [ 139.772947497529117, 35.704358802416948 ], [ 139.77287472169121, 35.703771305901228 ], [ 139.772869728655223, 35.703732973198328 ], [ 139.772865837288691, 35.703702135445383 ] ] ] ] } },
{ "type": "Feature", "properties": { "fid": 34497, "OBJECTID": 34497.0, "N03_001": "東京都", "N03_002": null, "N03_003": null, "N03_004": "中央区", "N03_007": "13102", "Shape_Leng": 0.170038062034129, "Shape_Area": 0.001017779002559 }, "geometry": { "type": "MultiPolygon", "coordinates": [ [ [ [ 139.783405811629109, 35.696449054580398 ], [ 139.784588301409144, 35.696059891850666 ], [ 139.785465811298309, 35.695784892658821 ], [ 139.785485811321337, 35.695778505673672 ], [ 139.78589247755599, 35.695651000693317 ], [ 139.787382477019833, 35.695184054700519 ], [ 139.788915253636219, 35.69470377535913 ], [ 139.788723022649606, 35.694032667074111 ], [ 139.788646355445167, 35.693392667237958 ], [ 139.788723022649606, 35.692454333500848 ], [ 139.788908664303563, 35.691666667682739 ], [ 139.788908664303563, 35.691666558864767 ], [ 139.788912996337899, 35.691648225285519 ], [ 139.78915411267235, 35.691027387304246 ], [ 139.78937717331803, 35.690646559491313 ], [ 139.789646615599054, 35.69018710844847 ], [ 139.790401336552577, 35.689292946712271 ], [ 139.79166666738297, 35.687960000353883 ], [ 139.79167050658873, 35.687955946210138 ], [ 139.791958003659147, 35.687652946626372 ], [ 139.792092166320572, 35.687473225209317 ], [ 139.792366057547724, 35.687107108506439 ], [ 139.792650778410916, 35.686467667149259 ], [ 139.792751608600042, 35.685999054712795 ], [ 139.792743528191409, 35.685152387073174 ], [ 139.792635746242922, 35.684374612898239 ], [ 139.792386861564637, 35.683485171703467 ], [ 139.79229686101155, 35.683333332867164 ], [ 139.792296809750155, 35.683333224948512 ], [ 139.792119637011865, 35.683034333467901 ], [ 139.791857977463906, 35.682570170876829 ], [ 139.791798521484793, 35.682499054288087 ], [ 139.791670467018662, 35.682346027447352 ], [ 139.79166666738297, 35.682341505656154 ], [ 139.791140726763274, 35.681712946095729 ], [ 139.790767665495537, 35.681242107837193 ], [ 139.789824617512295, 35.680050748043755 ], [ 139.789241530372465, 35.679350748138688 ], [ 139.789084306395807, 35.679161865328012 ], [ 139.78896486473684, 35.678967135125333 ], [ 139.788691530190135, 35.678522135288461 ], [ 139.787858197697801, 35.676981585831697 ], [ 139.787585110464647, 35.676290468530453 ], [ 139.787572335594973, 35.676257973326983 ], [ 139.787534553277169, 35.676162414064322 ], [ 139.787288444806109, 35.67509602765972 ], [ 139.78727063643089, 35.674999999850286 ], [ 139.787270610350561, 35.674999918911283 ], [ 139.787179001809704, 35.674505748641536 ], [ 139.787123995675984, 35.673909919007713 ], [ 139.787148975245145, 35.672922694526903 ], [ 139.787165357295635, 35.672281027347708 ], [ 139.787296200559354, 35.67146964011198 ], [ 139.787542581525145, 35.670616586386529 ], [ 139.78780452705746, 35.669905747852169 ], [ 139.787947302526163, 35.669689639865169 ], [ 139.788593385376657, 35.667866586374032 ], [ 139.788756161767651, 35.667407973499337 ], [ 139.788756446852744, 35.667406865534588 ], [ 139.788863385237164, 35.666916586631316 ], [ 139.788917977682672, 35.666666666833351 ], [ 139.788918003763001, 35.666666585894404 ], [ 139.788945616547153, 35.666540197871996 ], [ 139.789066161674214, 35.665644081009702 ], [ 139.789130610689313, 35.664683532219385 ], [ 139.789167523362721, 35.663622414043346 ], [ 139.789093645855246, 35.662255748504151 ], [ 139.789116978765719, 35.661012414191703 ], [ 139.789121699307202, 35.660750197963409 ], [ 139.789232218791994, 35.659149360654624 ], [ 139.789278340523197, 35.658842973324738 ], [ 139.789354773004561, 35.658333332917152 ], [ 139.789354773004561, 35.658333251978149 ], [ 139.789370830399662, 35.658226306399115 ], [ 139.789405279830021, 35.657926306054321 ], [ 139.789506057858489, 35.656992558859656 ], [ 139.789592425150431, 35.656259360481272 ], [ 139.789523943575318, 35.656254000521869 ], [ 139.788526083711986, 35.656176027501829 ], [ 139.788323061760025, 35.656038775669117 ], [ 139.788057082768319, 35.655857775416166 ], [ 139.787763865110492, 35.655659360691118 ], [ 139.787770052446149, 35.655653072631367 ], [ 139.786320415454952, 35.654674063457435 ], [ 139.786083502551833, 35.654515027346804 ], [ 139.785797328384206, 35.654323666903849 ], [ 139.785440311021716, 35.654081224968706 ], [ 139.785177328571081, 35.653905000115856 ], [ 139.784805642366678, 35.653653359914813 ], [ 139.78445535732908, 35.653415532401084 ], [ 139.784448833646934, 35.653421467926592 ], [ 139.784294280656695, 35.653317026959371 ], [ 139.784200661231694, 35.653253801921608 ], [ 139.783860895564089, 35.653024170828985 ], [ 139.783750169235077, 35.652949775312038 ], [ 139.783656226054177, 35.652886532287823 ], [ 139.78349267264889, 35.652776314975142 ], [ 139.783333333466771, 35.652668396329602 ], [ 139.78295670638704, 35.652413297335954 ], [ 139.782401751839529, 35.652045882911352 ], [ 139.781851492652436, 35.651669784633043 ], [ 139.78151582429598, 35.651444910054693 ], [ 139.781403294826418, 35.651368892160804 ], [ 139.781147173303566, 35.651199441001552 ], [ 139.780866783575334, 35.651007090405074 ], [ 139.780808145079959, 35.650967676717073 ], [ 139.780756407082663, 35.650932486245438 ], [ 139.780708975039374, 35.650898703212761 ], [ 139.780666719493638, 35.650868432032667 ], [ 139.780600324345642, 35.650824793329718 ], [ 139.780188859328518, 35.650544945892705 ], [ 139.779742244309318, 35.650579360249424 ], [ 139.779740052661509, 35.650564918936027 ], [ 139.779512309245888, 35.650581946699674 ], [ 139.778650636417865, 35.649999999900217 ], [ 139.77637014366735, 35.648459838051224 ], [ 139.775003476329516, 35.647536225316685 ], [ 139.775000000449836, 35.647533865495689 ], [ 139.772787756349999, 35.646038801949317 ], [ 139.772743696764337, 35.646042838106666 ], [ 139.77194975457769, 35.646828694488818 ], [ 139.77189306131595, 35.646884838264839 ], [ 139.77104871662516, 35.647720613315812 ], [ 139.770991362361656, 35.647777360536907 ], [ 139.770306615857862, 35.648456801940029 ], [ 139.770135642146329, 35.648626000389754 ], [ 139.770003087472674, 35.648535613128217 ], [ 139.769970921421077, 35.648567775582535 ], [ 139.77010447524151, 35.648656802169853 ], [ 139.769489533215619, 35.649265559558103 ], [ 139.769815525766035, 35.64948634222111 ], [ 139.769894708374295, 35.649411180481763 ], [ 139.770408327382597, 35.649764117620123 ], [ 139.770332231247608, 35.649837874618413 ], [ 139.770574047254627, 35.649999999900217 ], [ 139.772720000527784, 35.65145329713215 ], [ 139.772763333461285, 35.651482640211839 ], [ 139.772415006247684, 35.651825802618873 ], [ 139.772369351264729, 35.651869945841497 ], [ 139.772124864271291, 35.652106360520293 ], [ 139.771766589656522, 35.652452837828378 ], [ 139.771629300052382, 35.652586171314908 ], [ 139.768361440728086, 35.650372559346295 ], [ 139.767646031839035, 35.651078135048067 ], [ 139.767310973223061, 35.651054721198591 ], [ 139.767252049642593, 35.651660197859997 ], [ 139.767229805811098, 35.651867135460122 ], [ 139.767218859263153, 35.65198791890748 ], [ 139.767208418134146, 35.652096000330289 ], [ 139.767195837518102, 35.652220198503528 ], [ 139.767184306410741, 35.652338990851888 ], [ 139.767161258585361, 35.652562775451884 ], [ 139.767151025199837, 35.652686720915597 ], [ 139.767083671374508, 35.653389946688833 ], [ 139.767410441838592, 35.653410306440662 ], [ 139.767238664133174, 35.655209080934526 ], [ 139.768091582061061, 35.655785531976903 ], [ 139.769644501692596, 35.654261775560656 ], [ 139.770650752230608, 35.654939973201351 ], [ 139.769304112794771, 35.65627077557599 ], [ 139.769218444275907, 35.656209252055476 ], [ 139.768789585471154, 35.656633919120225 ], [ 139.768092100969852, 35.657290900854548 ], [ 139.767210558520674, 35.658121252094247 ], [ 139.767069494461794, 35.65801758634268 ], [ 139.766670195473353, 35.657725107927547 ], [ 139.766666667432901, 35.657722559248896 ], [ 139.765669883158807, 35.656992414068839 ], [ 139.765636057857932, 35.657025387711656 ], [ 139.764759585786464, 35.656383386883988 ], [ 139.764573904562212, 35.656167036080035 ], [ 139.76403461710413, 35.656459134981276 ], [ 139.763488223203126, 35.65675497326356 ], [ 139.763167951240121, 35.656805532249678 ], [ 139.762714060705548, 35.657062468558252 ], [ 139.760469922149355, 35.658333305937504 ], [ 139.76046985739822, 35.658333332917152 ], [ 139.759994617857501, 35.658602468529239 ], [ 139.759736550201865, 35.658710531965653 ], [ 139.759531829430557, 35.65879636056377 ], [ 139.759465447772413, 35.658824135225814 ], [ 139.759350441569836, 35.658872468389859 ], [ 139.759232672649887, 35.658921640621372 ], [ 139.758997951394463, 35.659004973600815 ], [ 139.758720441295509, 35.659319694048804 ], [ 139.758718495162611, 35.659321640181702 ], [ 139.758588223867605, 35.659469414082366 ], [ 139.758336835476712, 35.659759198128654 ], [ 139.758333333516703, 35.659763225292807 ], [ 139.758133502359442, 35.659993586634869 ], [ 139.758333333516703, 35.66098389219303 ], [ 139.758336835476712, 35.66100125270583 ], [ 139.758441284537867, 35.661518865603341 ], [ 139.758466005102264, 35.661641918939551 ], [ 139.758443800840951, 35.66269802699253 ], [ 139.758396589131507, 35.663235802690281 ], [ 139.758352698618296, 35.66374358599785 ], [ 139.758343256636181, 35.663834413927248 ], [ 139.758336861557041, 35.663894838476153 ], [ 139.758333333516703, 35.663928134975606 ], [ 139.758321855469376, 35.664036639979145 ], [ 139.758316589039509, 35.664063306676439 ], [ 139.758316031459913, 35.664065532498512 ], [ 139.758044916439871, 35.665427198706425 ], [ 139.757883087034998, 35.666666639853702 ], [ 139.757883087034998, 35.666666666833351 ], [ 139.757878807161433, 35.666699413847027 ], [ 139.757878833241762, 35.666839414007939 ], [ 139.757878833241762, 35.667662198351934 ], [ 139.758068275430787, 35.668670225051017 ], [ 139.757955227052321, 35.668704946076559 ], [ 139.757908560331998, 35.668719387389956 ], [ 139.756964384598859, 35.669009135463398 ], [ 139.756920778271478, 35.669022467912725 ], [ 139.75687577259896, 35.669036360639723 ], [ 139.756629105648926, 35.669112198669211 ], [ 139.755651608235326, 35.669447197930026 ], [ 139.75549856071018, 35.669499972845642 ], [ 139.754316887514506, 35.669904973535893 ], [ 139.754461051536509, 35.669944973581835 ], [ 139.756125499692189, 35.670408586687074 ], [ 139.75622355457358, 35.670435801970825 ], [ 139.756449663021726, 35.670498865130696 ], [ 139.757019105647373, 35.670657170991831 ], [ 139.757535811128946, 35.670800946506631 ], [ 139.758078859551915, 35.670952171105966 ], [ 139.758333333516703, 35.67102317168218 ], [ 139.758336913717812, 35.671024170829014 ], [ 139.758509974755725, 35.671072441040508 ], [ 139.758825253682744, 35.671160225664039 ], [ 139.759133580850289, 35.6712457754723 ], [ 139.759207198453623, 35.671266333074982 ], [ 139.759520246162651, 35.67135355921954 ], [ 139.759634695684781, 35.671385504937291 ], [ 139.759803580271182, 35.671432441454158 ], [ 139.760243307382893, 35.671554946203969 ], [ 139.76042302250471, 35.671604946711113 ], [ 139.760538586286884, 35.671636892428808 ], [ 139.760761089352968, 35.671699108427276 ], [ 139.760868859610355, 35.671728838215472 ], [ 139.761602191987777, 35.671933279297548 ], [ 139.761707198628528, 35.671962441613573 ], [ 139.761989728743174, 35.67204105405159 ], [ 139.762128885339962, 35.672079946132783 ], [ 139.76262778244643, 35.672218559539033 ], [ 139.763357497750462, 35.672421892656359 ], [ 139.763684162993854, 35.672512721485077 ], [ 139.764282776029518, 35.673044666878013 ], [ 139.764340830864853, 35.673096054139762 ], [ 139.765275577206353, 35.673926613122887 ], [ 139.765341141380759, 35.673984667058903 ], [ 139.765404475236551, 35.674041054551196 ], [ 139.766257808651176, 35.674799387182134 ], [ 139.766303917791788, 35.674840225396224 ], [ 139.766315032512921, 35.674850224958107 ], [ 139.766483450351075, 35.674999945890931 ], [ 139.766483502511846, 35.674999999850286 ], [ 139.766666667432901, 35.675162748362311 ], [ 139.766670311485882, 35.67516600031081 ], [ 139.766769468036728, 35.675254108690353 ], [ 139.766843087438701, 35.675319386880346 ], [ 139.767059196325022, 35.675511613370418 ], [ 139.767260856703388, 35.675690505612522 ], [ 139.767315032762781, 35.675738837877248 ], [ 139.767602529833084, 35.675994387431217 ], [ 139.767638080033521, 35.676025775569258 ], [ 139.76792089523326, 35.676276892364854 ], [ 139.767928105997498, 35.676283279350002 ], [ 139.767967275969227, 35.6763182791654 ], [ 139.768018106550585, 35.676363279441944 ], [ 139.768312555380248, 35.676624667394663 ], [ 139.768445888866836, 35.676743278979302 ], [ 139.768581725166655, 35.676863838495535 ], [ 139.768736161244988, 35.677001054355344 ], [ 139.768859494270373, 35.677111054032082 ], [ 139.768895331354656, 35.677142720959978 ], [ 139.768938392692803, 35.677181054562197 ], [ 139.768974773866944, 35.677213279069747 ], [ 139.769245616392254, 35.677454108520465 ], [ 139.769337834673479, 35.677535775056128 ], [ 139.76968116705234, 35.677841054421265 ], [ 139.769942827499676, 35.678073558847814 ], [ 139.769978664583846, 35.67810522487639 ], [ 139.770259780064976, 35.678354945924184 ], [ 139.770300610185245, 35.678391054603651 ], [ 139.770322283846554, 35.678410505140846 ], [ 139.770327004387923, 35.678440505625019 ], [ 139.770431751124647, 35.679103838371589 ], [ 139.770441751585736, 35.679167441124662 ], [ 139.77044869075462, 35.679210505160825 ], [ 139.770503969382844, 35.679559946634413 ], [ 139.770571193705791, 35.67998574864356 ], [ 139.770598145488179, 35.680157413933671 ], [ 139.770613411479985, 35.680254081161081 ], [ 139.770621479298029, 35.680303801979051 ], [ 139.770669805267516, 35.68061019830219 ], [ 139.770677030420757, 35.68065574806451 ], [ 139.770683969589754, 35.680700748341053 ], [ 139.770734254282615, 35.681017694611057 ], [ 139.770740636771166, 35.681059081411661 ], [ 139.770747860125766, 35.681104360478002 ], [ 139.770764812346442, 35.681211865435387 ], [ 139.770776200461455, 35.68148963993508 ], [ 139.770779248263921, 35.681561586598093 ], [ 139.770782581151366, 35.681641586690034 ], [ 139.770808716349393, 35.682274640162689 ], [ 139.770810947567384, 35.682329919690233 ], [ 139.770812892800905, 35.682379919298 ], [ 139.770827056223879, 35.682723532265356 ], [ 139.770852309186921, 35.683333251928218 ], [ 139.770852309186921, 35.683333332867164 ], [ 139.77086455345659, 35.683633252272955 ], [ 139.770864838541684, 35.683640748122173 ], [ 139.770874553018416, 35.683871306415824 ], [ 139.770896226679724, 35.684403802193856 ], [ 139.770900661236738, 35.684508531843449 ], [ 139.770628716142483, 35.684896586608374 ], [ 139.770434280018208, 35.68540158651416 ], [ 139.770433995832377, 35.685402135100617 ], [ 139.77015177778253, 35.686135468377302 ], [ 139.769675694677744, 35.686911586001031 ], [ 139.769173126538703, 35.68756988344353 ], [ 139.768849300455031, 35.687931026895512 ], [ 139.768121388291661, 35.688636550436627 ], [ 139.770432088370399, 35.689297973023201 ], [ 139.771027639214367, 35.689475748307302 ], [ 139.77108208866764, 35.689491865057676 ], [ 139.771878780981183, 35.689729640410746 ], [ 139.772331829750328, 35.689880748098233 ], [ 139.772462114535188, 35.689924081031677 ], [ 139.772464332263326, 35.689924919199825 ], [ 139.772599053403724, 35.689969640686513 ], [ 139.773849883565504, 35.690386586172167 ], [ 139.773893774078601, 35.690401306275419 ], [ 139.774531284591262, 35.690613802585062 ], [ 139.774905447528567, 35.690753801846654 ], [ 139.774955447136335, 35.690772693904876 ], [ 139.775000000449836, 35.690789414100323 ], [ 139.775003774005199, 35.690790838626469 ], [ 139.775111556853062, 35.690831306319922 ], [ 139.775242387526305, 35.69088019796294 ], [ 139.775291829554476, 35.69089880223811 ], [ 139.776013256706619, 35.691169080888528 ], [ 139.776085473166177, 35.691196027274998 ], [ 139.776557690984873, 35.691362694133204 ], [ 139.776622139999972, 35.691385197868726 ], [ 139.776681025808898, 35.691406027066648 ], [ 139.77741972803824, 35.691666585844416 ], [ 139.777419974452414, 35.691666667682739 ], [ 139.777521310060592, 35.691702413935445 ], [ 139.77762464306295, 35.69173880230403 ], [ 139.777707977841033, 35.691768252403108 ], [ 139.778641025363186, 35.692195468146508 ], [ 139.778728249709161, 35.692257414348376 ], [ 139.778803800854917, 35.692311306221995 ], [ 139.779787173539376, 35.693009640582602 ], [ 139.779830506472877, 35.69304046844303 ], [ 139.779963839060088, 35.69313519853074 ], [ 139.779989948177786, 35.69315380190659 ], [ 139.780226887161348, 35.692975468143516 ], [ 139.780246329604552, 35.692989640559631 ], [ 139.780293554803848, 35.69302353241028 ], [ 139.7803341124295, 35.693052973516103 ], [ 139.781001608137899, 35.69353519809107 ], [ 139.781093281430003, 35.69360130635539 ], [ 139.781203839585714, 35.693681306447274 ], [ 139.781239663180145, 35.693707134976478 ], [ 139.782022438484887, 35.694293532520703 ], [ 139.782066887477072, 35.694326864993002 ], [ 139.782096615466571, 35.694349080945472 ], [ 139.782557717664758, 35.694694640045782 ], [ 139.782588560813565, 35.6947176941664 ], [ 139.782521051405524, 35.694775198616696 ], [ 139.782166615097367, 35.695077413991612 ], [ 139.782122166105296, 35.695115198108056 ], [ 139.781978002982669, 35.695237973553787 ], [ 139.781978275477172, 35.695239919686685 ], [ 139.781992477570952, 35.695400468457024 ], [ 139.78201635547066, 35.695664919500587 ], [ 139.782020804416788, 35.695715468594187 ], [ 139.78205469536806, 35.696095468131489 ], [ 139.782058586734593, 35.696138252478534 ], [ 139.782062477201748, 35.696182694276104 ], [ 139.782069416370632, 35.696259080892048 ], [ 139.782525253038216, 35.696214639993798 ], [ 139.782533307366407, 35.69637408169865 ], [ 139.782534423425091, 35.696392972857552 ], [ 139.782536083573632, 35.696426865607521 ], [ 139.782543307827609, 35.696571306620683 ], [ 139.783333333466771, 35.696459332932022 ], [ 139.783337198752861, 35.696458775352369 ], [ 139.783405811629109, 35.696449054580398 ] ] ] ] } },
{ "type": "Feature", "properties": { "fid": 34505, "OBJECTID": 34505.0, "N03_001": "東京都", "N03_002": null, "N03_003": null, "N03_004": "港区", "N03_007": "13103", "Shape_Leng": 0.24540740348739901, "Shape_Area": 0.0019278302749579999 }, "geometry": { "type": "MultiPolygon", "coordinates": [ [ [ [ 139.730540506039688, 35.681266667422904 ], [ 139.730709948205686, 35.681023891839288 ], [ 139.730915772445087, 35.68114666728502 ], [ 139.730943281807185, 35.68116333352117 ], [ 139.730990506107105, 35.681191386973069 ], [ 139.731079105516528, 35.68124444157786 ], [ 139.731499390184922, 35.681495279583658 ], [ 139.731597173470959, 35.681365838362922 ], [ 139.731619663716629, 35.681336108574726 ], [ 139.731712996257897, 35.681269721520607 ], [ 139.731787717329439, 35.681216946604991 ], [ 139.731815772580035, 35.681196946581963 ], [ 139.731992724085103, 35.681071386835185 ], [ 139.732339390250786, 35.680825802668835 ], [ 139.732465499483396, 35.680736360594722 ], [ 139.732632996415873, 35.680618865068709 ], [ 139.732804384714768, 35.68047330619828 ], [ 139.732944669061453, 35.680198306107116 ], [ 139.732958003309363, 35.680145252401644 ], [ 139.733017445798623, 35.679907468055376 ], [ 139.7331057466331, 35.679704134938049 ], [ 139.733183800592087, 35.679527748207192 ], [ 139.733319079312196, 35.67933525192052 ], [ 139.733333333566634, 35.679316919240591 ], [ 139.733336861607086, 35.679312360577171 ], [ 139.733400195462877, 35.679230801960102 ], [ 139.733578807116487, 35.6790599730395 ], [ 139.733833799990066, 35.678878027599069 ], [ 139.734010195714177, 35.678815802607346 ], [ 139.734177134167567, 35.678784414469305 ], [ 139.734431582052025, 35.678748306689158 ], [ 139.734722412009887, 35.678732748417758 ], [ 139.735038806995476, 35.678715532695833 ], [ 139.735330195432311, 35.67871441393919 ], [ 139.735897173016269, 35.678758865629334 ], [ 139.73648966346741, 35.678821081627802 ], [ 139.736775226995292, 35.678873027368468 ], [ 139.736840506084718, 35.678748865168131 ], [ 139.736865227548378, 35.678702198447866 ], [ 139.73692189472979, 35.678594135011508 ], [ 139.736997717470899, 35.67844997368752 ], [ 139.737028003040109, 35.678392748027079 ], [ 139.73702910560894, 35.678390532097524 ], [ 139.737128560734618, 35.678201080915301 ], [ 139.737176615108865, 35.678109694506986 ], [ 139.737186887165308, 35.678089973273813 ], [ 139.737222996744094, 35.678021640086797 ], [ 139.737409637544943, 35.677293306141337 ], [ 139.737526588981041, 35.67687386503701 ], [ 139.737872139987417, 35.676390532497237 ], [ 139.738118807836941, 35.676067747828483 ], [ 139.738215473265655, 35.675941360705394 ], [ 139.738312970567335, 35.675765802250112 ], [ 139.738454916861087, 35.67545635992326 ], [ 139.738475188479356, 35.67541802722036 ], [ 139.738511855637853, 35.675348586068537 ], [ 139.738605188179122, 35.675156640166961 ], [ 139.738656550259748, 35.674999999850286 ], [ 139.738656550259748, 35.674999972870637 ], [ 139.73869880760401, 35.674871081135677 ], [ 139.738747977137564, 35.674664414231472 ], [ 139.738763800708966, 35.674598305967208 ], [ 139.738902140721393, 35.67433163989341 ], [ 139.738982140813278, 35.674178306383908 ], [ 139.739061310831062, 35.674025532252699 ], [ 139.739071581988128, 35.6740185858892 ], [ 139.739281310184538, 35.673872748228916 ], [ 139.739366031717168, 35.673813586328095 ], [ 139.739452970078673, 35.673753306570006 ], [ 139.739899922343739, 35.673458306455871 ], [ 139.740020467470799, 35.673385532416546 ], [ 139.740187134328949, 35.673285252612459 ], [ 139.740909079490621, 35.672850532026587 ], [ 139.74128574614042, 35.672623586309612 ], [ 139.741386861414753, 35.672562748072551 ], [ 139.741478521217005, 35.672512748464726 ], [ 139.7416151884903, 35.672438027393241 ], [ 139.741666667482946, 35.672404081583238 ], [ 139.741670195523284, 35.672401747842571 ], [ 139.741721310290473, 35.672368026863126 ], [ 139.742286031475373, 35.67199636044387 ], [ 139.742576861433236, 35.671814694692557 ], [ 139.742582412048819, 35.671811360006416 ], [ 139.742929364198972, 35.671598865495412 ], [ 139.743170752128663, 35.671451360492085 ], [ 139.743206031633235, 35.671429694025335 ], [ 139.743362412045826, 35.671359973184394 ], [ 139.743451025844365, 35.671320532516745 ], [ 139.743630195077571, 35.671259134901334 ], [ 139.743657419354577, 35.671249973507656 ], [ 139.744134643698999, 35.671185532586435 ], [ 139.745002970610813, 35.671039694026831 ], [ 139.745123256733109, 35.67101969400386 ], [ 139.745217419348592, 35.671003865036482 ], [ 139.745301025721915, 35.670993027306508 ], [ 139.745346304788313, 35.670671918974051 ], [ 139.745376861053501, 35.670666639953652 ], [ 139.745985473650876, 35.670559134996267 ], [ 139.746118521152994, 35.670535532289136 ], [ 139.74623185551593, 35.670515532266165 ], [ 139.746647419642841, 35.67046830616755 ], [ 139.746771855237057, 35.670509135388443 ], [ 139.746962412585503, 35.670504973326047 ], [ 139.746976589498217, 35.670267197972976 ], [ 139.746989079282798, 35.67005858583525 ], [ 139.747212970002693, 35.669904693846718 ], [ 139.747479364481251, 35.669656360452848 ], [ 139.747641582393271, 35.6696152524421 ], [ 139.747667691510969, 35.669608586667096 ], [ 139.747802412651367, 35.669617468371655 ], [ 139.748146861088912, 35.669884135344716 ], [ 139.748173528685584, 35.669904693846718 ], [ 139.74884907962155, 35.670484973303019 ], [ 139.748864643288812, 35.670498586340841 ], [ 139.748934916313488, 35.670558586409811 ], [ 139.749114358041425, 35.670712748194944 ], [ 139.749194086538068, 35.670781360171816 ], [ 139.749243528566126, 35.670788865014288 ], [ 139.749516031239978, 35.67083080219993 ], [ 139.749961582361266, 35.67083080219993 ], [ 139.750000000499767, 35.670821892616402 ], [ 139.750003528540219, 35.67082108142796 ], [ 139.750070752863166, 35.670805532149757 ], [ 139.751132698415518, 35.670559134996267 ], [ 139.75183966356974, 35.67043774810378 ], [ 139.752005499454413, 35.670409414063386 ], [ 139.752141051568401, 35.670386081152913 ], [ 139.752866057123015, 35.670262198641694 ], [ 139.754316887514506, 35.669904973535893 ], [ 139.75549856071018, 35.669499972845642 ], [ 139.755651608235326, 35.669447197930026 ], [ 139.756629105648926, 35.669112198669211 ], [ 139.75687577259896, 35.669036360639723 ], [ 139.756920778271478, 35.669022467912725 ], [ 139.756964384598859, 35.669009135463398 ], [ 139.757908560331998, 35.668719387389956 ], [ 139.757955227052321, 35.668704946076559 ], [ 139.758068275430787, 35.668670225051017 ], [ 139.757878833241762, 35.667662198351934 ], [ 139.757878833241762, 35.666839414007939 ], [ 139.757878807161433, 35.666699413847027 ], [ 139.757883087034998, 35.666666666833351 ], [ 139.757883087034998, 35.666666639853702 ], [ 139.758044916439871, 35.665427198706425 ], [ 139.758316031459913, 35.664065532498512 ], [ 139.758316589039509, 35.664063306676439 ], [ 139.758321855469376, 35.664036639979145 ], [ 139.758333333516703, 35.663928134975606 ], [ 139.758336861557041, 35.663894838476153 ], [ 139.758343256636181, 35.663834413927248 ], [ 139.758352698618296, 35.66374358599785 ], [ 139.758396589131507, 35.663235802690281 ], [ 139.758443800840951, 35.66269802699253 ], [ 139.758466005102264, 35.661641918939551 ], [ 139.758441284537867, 35.661518865603341 ], [ 139.758336835476712, 35.66100125270583 ], [ 139.758333333516703, 35.66098389219303 ], [ 139.758133502359442, 35.659993586634869 ], [ 139.758333333516703, 35.659763225292807 ], [ 139.758336835476712, 35.659759198128654 ], [ 139.758588223867605, 35.659469414082366 ], [ 139.758718495162611, 35.659321640181702 ], [ 139.758720441295509, 35.659319694048804 ], [ 139.758997951394463, 35.659004973600815 ], [ 139.759232672649887, 35.658921640621372 ], [ 139.759350441569836, 35.658872468389859 ], [ 139.759465447772413, 35.658824135225814 ], [ 139.759531829430557, 35.65879636056377 ], [ 139.759736550201865, 35.658710531965653 ], [ 139.759994617857501, 35.658602468529239 ], [ 139.76046985739822, 35.658333332917152 ], [ 139.760469922149355, 35.658333305937504 ], [ 139.762714060705548, 35.657062468558252 ], [ 139.763167951240121, 35.656805532249678 ], [ 139.763488223203126, 35.65675497326356 ], [ 139.76403461710413, 35.656459134981276 ], [ 139.764573904562212, 35.656167036080035 ], [ 139.764350778266021, 35.655907054667011 ], [ 139.764362088140047, 35.655884360275195 ], [ 139.764364306767561, 35.655869667151592 ], [ 139.764364086433602, 35.655850360505895 ], [ 139.764353942980279, 35.655832053906352 ], [ 139.764538249141083, 35.655725171279812 ], [ 139.762504306428809, 35.651875838199544 ], [ 139.761797912343923, 35.652134225114537 ], [ 139.761759533775603, 35.652218468207934 ], [ 139.761624968217916, 35.652275171362248 ], [ 139.761615058588291, 35.652257586018948 ], [ 139.761438249176081, 35.652323775222214 ], [ 139.761344137821879, 35.652359026847762 ], [ 139.761182231075281, 35.652138036441386 ], [ 139.76098730212243, 35.651871972913398 ], [ 139.760957380778677, 35.651781829368076 ], [ 139.760942023056145, 35.651735586228483 ], [ 139.760937082180817, 35.651720694354708 ], [ 139.760924034816526, 35.651681332827422 ], [ 139.7609158374961, 35.651656586182696 ], [ 139.760856913016255, 35.651487586483086 ], [ 139.760835525339417, 35.651426252719546 ], [ 139.760671310033104, 35.650954891954882 ], [ 139.760812140268285, 35.650923081135431 ], [ 139.760781206287788, 35.650826658523613 ], [ 139.760760026354319, 35.650760613211901 ], [ 139.760754527000017, 35.650743505408627 ], [ 139.760704034563673, 35.650599747880221 ], [ 139.760646589468706, 35.650436225051919 ], [ 139.76062364506538, 35.650368837951703 ], [ 139.760549663236588, 35.650151532067696 ], [ 139.760495901764671, 35.649999999900217 ], [ 139.760460195082146, 35.649899387347034 ], [ 139.760427302378275, 35.649804918961991 ], [ 139.76035306154472, 35.649588945873347 ], [ 139.760263826314713, 35.649331811713921 ], [ 139.760114060415731, 35.648905225495923 ], [ 139.760056939076662, 35.648742360072049 ], [ 139.759997588318242, 35.64856844108084 ], [ 139.75988902755671, 35.648255784576975 ], [ 139.759794578057495, 35.64797983839901 ], [ 139.759705188144039, 35.647696198520919 ], [ 139.759632529218038, 35.647449278861302 ], [ 139.7595616734327, 35.647177441685756 ], [ 139.759498612071525, 35.646929000373234 ], [ 139.759442283035128, 35.646688107969965 ], [ 139.759393359016485, 35.646452559338286 ], [ 139.75933961103442, 35.646175441343701 ], [ 139.759310610596344, 35.646016612976496 ], [ 139.759201336672504, 35.645730198689876 ], [ 139.759079611635002, 35.645411198368265 ], [ 139.759082244849878, 35.645017198185315 ], [ 139.759083424760433, 35.644970946052467 ], [ 139.759360363789938, 35.64497291916507 ], [ 139.760354021121316, 35.644978135232918 ], [ 139.760383852532982, 35.641666666883339 ], [ 139.760420636603271, 35.637580946103924 ], [ 139.760423113336174, 35.637274306064512 ], [ 139.760425772631493, 35.636778333553423 ], [ 139.759651971661356, 35.636775171537124 ], [ 139.758918340708988, 35.635959999954196 ], [ 139.758871997744677, 35.6359221079191 ], [ 139.758813528321866, 35.63587608151613 ], [ 139.758763865060473, 35.635846305862515 ], [ 139.758704254398026, 35.635819252456713 ], [ 139.758634721515364, 35.635793946433637 ], [ 139.758561855745256, 35.635774081308966 ], [ 139.758469248057509, 35.63575869390877 ], [ 139.758424189325069, 35.63575327909075 ], [ 139.758351556479283, 35.635749170987594 ], [ 139.758338197050307, 35.635756919546338 ], [ 139.758337366976093, 35.635808278929119 ], [ 139.758350947638291, 35.635816225338715 ], [ 139.758416978560945, 35.635818252410559 ], [ 139.758422166749824, 35.635814919523057 ], [ 139.758422387083669, 35.635808171010467 ], [ 139.758482334991982, 35.635810081170462 ], [ 139.758546355030489, 35.635822748121484 ], [ 139.758621414247045, 35.635845333695386 ], [ 139.758676615533545, 35.635867000162079 ], [ 139.758729585602055, 35.635892279205507 ], [ 139.758802412701357, 35.635939198635299 ], [ 139.758858690476359, 35.635984278951469 ], [ 139.759602606974909, 35.636804613542267 ], [ 139.758909467997682, 35.6372174140526 ], [ 139.758916744412431, 35.637225333482547 ], [ 139.75885997470823, 35.637256775579885 ], [ 139.758850026407799, 35.637246748139091 ], [ 139.758787717779114, 35.637280613010034 ], [ 139.758336667303524, 35.636727613588675 ], [ 139.758333333516703, 35.636723505485577 ], [ 139.758053385355652, 35.63638030620632 ], [ 139.758018029408731, 35.636401919613093 ], [ 139.758333333516703, 35.636789279202048 ], [ 139.758336693383853, 35.636793387305147 ], [ 139.758749948051786, 35.637301135539133 ], [ 139.758336693383853, 35.637525440846559 ], [ 139.758333333516703, 35.637527252081156 ], [ 139.758299170070813, 35.637545802397028 ], [ 139.758282438184096, 35.637554891844957 ], [ 139.757945551246394, 35.637737721318956 ], [ 139.757828807553551, 35.637801108234726 ], [ 139.757767056504576, 35.637834586397219 ], [ 139.757684034690669, 35.637879586673762 ], [ 139.75681294416222, 35.638352414232713 ], [ 139.756748171391223, 35.6383876676569 ], [ 139.756739143996469, 35.638361802255531 ], [ 139.756239831403263, 35.636925387097108 ], [ 139.756182412388625, 35.636937973109127 ], [ 139.756603087362805, 35.638133467985313 ], [ 139.756659026992679, 35.638295387322444 ], [ 139.756664306013136, 35.638310802601609 ], [ 139.756683800617111, 35.638367360065786 ], [ 139.75670009183591, 35.63841366705725 ], [ 139.756237613675125, 35.638664693920646 ], [ 139.755533022731015, 35.63904713511738 ], [ 139.754804838073028, 35.638875585839799 ], [ 139.754783671629298, 35.638833919350077 ], [ 139.754842996307389, 35.638811973194152 ], [ 139.754497173705772, 35.638132108210414 ], [ 139.754203113383141, 35.637570360184156 ], [ 139.754145694368503, 35.637585640565021 ], [ 139.754118145436223, 35.637535135538258 ], [ 139.754122555711547, 35.637533360276507 ], [ 139.754129196305598, 35.637523441653684 ], [ 139.754131414033736, 35.637512612916908 ], [ 139.754132529193043, 35.637502721273734 ], [ 139.754130337545234, 35.63749008130236 ], [ 139.753893385071819, 35.637022108283816 ], [ 139.75388236118215, 35.637009505184665 ], [ 139.753869105175227, 35.637004081373448 ], [ 139.753854747498735, 35.637003171259494 ], [ 139.753845811834935, 35.637004333183597 ], [ 139.75375963699787, 35.636835081673837 ], [ 139.753854189019762, 35.63680305411782 ], [ 139.753873139533994, 35.63683958637796 ], [ 139.754175888206873, 35.636735225450479 ], [ 139.75415858614997, 35.636701748187306 ], [ 139.754192944748752, 35.636689532695925 ], [ 139.754211025618474, 35.636723251876731 ], [ 139.754511141076478, 35.636616081467139 ], [ 139.754485888113436, 35.6365689462001 ], [ 139.754519468798662, 35.636556414147378 ], [ 139.754533580060865, 35.636583387513497 ], [ 139.754536446200177, 35.636586278833875 ], [ 139.754540636141655, 35.636587802285419 ], [ 139.754545279341301, 35.636588000136271 ], [ 139.754550921687837, 35.63658708102912 ], [ 139.754556304130347, 35.636585387605692 ], [ 139.754559079438195, 35.636583586263669 ], [ 139.754612140338168, 35.636527559399497 ], [ 139.754612477583919, 35.63652450530185 ], [ 139.754612140338168, 35.636520441265532 ], [ 139.754610506270069, 35.636517639877354 ], [ 139.754607510628261, 35.636515540859705 ], [ 139.754602451042501, 35.636513009268128 ], [ 139.7545113623097, 35.636503972880234 ], [ 139.754506161530344, 35.636504667156828 ], [ 139.75450306156722, 35.636506468498908 ], [ 139.75450119367531, 35.636509278880283 ], [ 139.754499805122123, 35.636512613566424 ], [ 139.754500259279666, 35.636519559030603 ], [ 139.754513307543334, 35.636544333554298 ], [ 139.754479494833049, 35.636556946546023 ], [ 139.754455136695356, 35.636511667479624 ], [ 139.754155032029303, 35.636618837889216 ], [ 139.754172438407522, 35.636651387052041 ], [ 139.754138755199619, 35.636663360625732 ], [ 139.754121777797991, 35.636630532673109 ], [ 139.753819027326472, 35.636734892701327 ], [ 139.75383147933951, 35.636759053887374 ], [ 139.753737276254469, 35.636791000504445 ], [ 139.753040363721993, 35.635421613616757 ], [ 139.75303744542191, 35.635418559519053 ], [ 139.753010389318206, 35.635284973323053 ], [ 139.75286525312913, 35.634927225711067 ], [ 139.752625863492995, 35.634423332870654 ], [ 139.752590311493805, 35.633979919437877 ], [ 139.752668807019973, 35.633977359967332 ], [ 139.752664112558932, 35.633921558833038 ], [ 139.752584942541262, 35.633925559017484 ], [ 139.752537082420645, 35.633333332967084 ], [ 139.752493995002055, 35.632800225650044 ], [ 139.752521284030195, 35.632797081620197 ], [ 139.752519416138284, 35.632772387136129 ], [ 139.752490052374242, 35.632773252283926 ], [ 139.752420324338686, 35.631949973312771 ], [ 139.752371310387844, 35.631950225122978 ], [ 139.75237141470916, 35.631940387439101 ], [ 139.752388859758298, 35.631938973704848 ], [ 139.752401673298777, 35.631936720903127 ], [ 139.752414060560568, 35.631931504835222 ], [ 139.752422892802429, 35.631920864956101 ], [ 139.752426109677344, 35.631911135190876 ], [ 139.752426667257055, 35.631894000407954 ], [ 139.752385668064335, 35.63140067640029 ], [ 139.752352088278485, 35.631400197960943 ], [ 139.752351336445145, 35.631391468241816 ], [ 139.752331479414465, 35.631168532601862 ], [ 139.752327418975369, 35.631116144394696 ], [ 139.75237988362494, 35.631113036337695 ], [ 139.752329922687977, 35.63050455953794 ], [ 139.752318911388784, 35.630370532674135 ], [ 139.752316109101343, 35.630336279296046 ], [ 139.752309170831722, 35.630251613521295 ], [ 139.752286018685027, 35.629965423165913 ], [ 139.752186109401578, 35.628757783844833 ], [ 139.752133502659149, 35.628093775707327 ], [ 139.75198985754605, 35.626342837951768 ], [ 139.751983671109656, 35.626322387368475 ], [ 139.751967445541368, 35.626307667265223 ], [ 139.751951996987259, 35.626301973657348 ], [ 139.751936005242669, 35.626310278896426 ], [ 139.751921971322076, 35.626100775530517 ], [ 139.751628975796734, 35.625963586650357 ], [ 139.75160586322022, 35.626226505249178 ], [ 139.75089722442749, 35.626187279519513 ], [ 139.75091577204546, 35.62596572164091 ], [ 139.750938521295893, 35.625967171348066 ], [ 139.750942996322351, 35.625926252194972 ], [ 139.750919585170891, 35.625924360021372 ], [ 139.750931673857849, 35.625780333595685 ], [ 139.751075110328202, 35.625744000085717 ], [ 139.75107797736689, 35.625745359860616 ], [ 139.751065694426416, 35.625761387578166 ], [ 139.75120683582702, 35.625825386932206 ], [ 139.751218340853939, 35.625809081324235 ], [ 139.751361245825024, 35.625873918846423 ], [ 139.751377173717742, 35.625850225307829 ], [ 139.750709170791765, 35.625535667637109 ], [ 139.750614553119362, 35.62549110802837 ], [ 139.750281440636172, 35.625334251874392 ], [ 139.750267198072947, 35.624999999950205 ], [ 139.750252970798101, 35.624823523287148 ], [ 139.750003256045602, 35.624729306712311 ], [ 139.750000000499767, 35.624728080936336 ], [ 139.749895473197739, 35.624688640268687 ], [ 139.74926880760961, 35.624451972880422 ], [ 139.749149922630977, 35.624406973503199 ], [ 139.747492672648946, 35.623591973690793 ], [ 139.746773217710029, 35.623238360262292 ], [ 139.74639795130463, 35.623151414706172 ], [ 139.746372387176052, 35.623146694164745 ], [ 139.746217393518123, 35.623117252159602 ], [ 139.746022387223547, 35.623112532517553 ], [ 139.745744060540119, 35.623131973162174 ], [ 139.745208223780651, 35.623232252066941 ], [ 139.745041556023125, 35.623263360515864 ], [ 139.744744060290373, 35.623302532286175 ], [ 139.744540999667606, 35.62335808161032 ], [ 139.744434890458024, 35.623394747869497 ], [ 139.744372672660916, 35.623453081494688 ], [ 139.744299611737915, 35.623603081217368 ], [ 139.744246835023546, 35.623676414634986 ], [ 139.744239883264186, 35.623685865610355 ], [ 139.744112944856738, 35.623862532030387 ], [ 139.74410988356442, 35.623867802057589 ], [ 139.743836005827234, 35.624315586195507 ], [ 139.74351267257191, 35.624844468497599 ], [ 139.743453217492174, 35.624941414514808 ], [ 139.743417198744851, 35.624999999950205 ], [ 139.743417173563898, 35.625000026929854 ], [ 139.743334617598748, 35.62513419858459 ], [ 139.743187393183803, 35.625116135701262 ], [ 139.742900999581593, 35.625081134986544 ], [ 139.74276849527007, 35.625065027229368 ], [ 139.74258489058036, 35.625042532487043 ], [ 139.742310584765846, 35.625000026929854 ], [ 139.742310363532624, 35.624999999950205 ], [ 139.741669883458485, 35.624900748071241 ], [ 139.741666667482946, 35.624900252544762 ], [ 139.741084332176342, 35.624810027161175 ], [ 139.739973217090437, 35.624635865353071 ], [ 139.73924766564744, 35.624510864984586 ], [ 139.739094617223031, 35.624519225082338 ], [ 139.738838781684649, 35.624533387605936 ], [ 139.738826835090549, 35.62453394608491 ], [ 139.738557108623809, 35.624548667087481 ], [ 139.738402114066503, 35.624557278995383 ], [ 139.737978197036341, 35.624557278995383 ], [ 139.737786524528701, 35.62453227964113 ], [ 139.737589585591081, 35.624426441127525 ], [ 139.73775625244923, 35.62413922554498 ], [ 139.737295422745774, 35.623773946110873 ], [ 139.737507367770945, 35.623446171104092 ], [ 139.736660700131438, 35.623083946666952 ], [ 139.735900143477011, 35.623155333052352 ], [ 139.735851245538697, 35.623159775703243 ], [ 139.735399300237646, 35.623202000671938 ], [ 139.734919300585489, 35.624389225382629 ], [ 139.734823476022825, 35.624553387628907 ], [ 139.734767912309508, 35.6246150541416 ], [ 139.73469985701297, 35.62469061338129 ], [ 139.734542477453601, 35.624999999950205 ], [ 139.734542438782682, 35.625000053909503 ], [ 139.734342361211134, 35.625393387694828 ], [ 139.734123476117702, 35.625794505112481 ], [ 139.733949585005575, 35.626113387622922 ], [ 139.733789027241983, 35.626093107910776 ], [ 139.733458755717152, 35.626051171624454 ], [ 139.733377367071967, 35.626040613583598 ], [ 139.733336524361334, 35.62603544158253 ], [ 139.733333333566634, 35.626035026995055 ], [ 139.732873191844533, 35.625976721248833 ], [ 139.732670700492577, 35.625982838437437 ], [ 139.732351803593019, 35.625992559209408 ], [ 139.732095694660757, 35.626025612891908 ], [ 139.731840699988538, 35.626096441697598 ], [ 139.731808197590453, 35.626105612983793 ], [ 139.731553748806618, 35.626209225675382 ], [ 139.731380700359182, 35.626237000337483 ], [ 139.731316524737963, 35.626265054688702 ], [ 139.731229300392101, 35.626334504833721 ], [ 139.731182918756872, 35.62640089188784 ], [ 139.731169027828514, 35.626435892602501 ], [ 139.731152088198542, 35.626477837882078 ], [ 139.731139300738278, 35.626600892117665 ], [ 139.731152361592422, 35.626686441026607 ], [ 139.731288470386744, 35.626955613510916 ], [ 139.731327912853089, 35.627057838548581 ], [ 139.731332633394459, 35.62707033282976 ], [ 139.731342918041378, 35.627196441162994 ], [ 139.731313748530852, 35.627616170949693 ], [ 139.731390700820384, 35.628040054704911 ], [ 139.731462361498984, 35.628322838428403 ], [ 139.731523217722497, 35.62871172146896 ], [ 139.731011829032809, 35.628813946506568 ], [ 139.730989053702046, 35.629218946297499 ], [ 139.730944060620118, 35.63001700018458 ], [ 139.7309409993278, 35.630086441336346 ], [ 139.730938495615305, 35.630140333209965 ], [ 139.730932672504991, 35.630272559631067 ], [ 139.730861556815626, 35.630410892448879 ], [ 139.730717393692998, 35.630608666856631 ], [ 139.730652114603572, 35.630698387720599 ], [ 139.730430999191412, 35.630892559444248 ], [ 139.730349883040844, 35.630963667039794 ], [ 139.729992114744505, 35.631213666877386 ], [ 139.729873774755106, 35.631296441377856 ], [ 139.729869339298716, 35.631299775164678 ], [ 139.729620999609665, 35.631473387487006 ], [ 139.729542114676974, 35.631403108167092 ], [ 139.729501556152059, 35.63136672159709 ], [ 139.729398223149701, 35.631274505114504 ], [ 139.729311284788196, 35.631196720952062 ], [ 139.729133502309423, 35.631367000386945 ], [ 139.728873774505246, 35.631616171049643 ], [ 139.728833774459304, 35.631654775347783 ], [ 139.728739883439061, 35.631822279474761 ], [ 139.728699611797879, 35.632070892557806 ], [ 139.728698781723551, 35.632075613099232 ], [ 139.728735447083409, 35.632201440843971 ], [ 139.728823502402861, 35.632504505178929 ], [ 139.728864617608224, 35.63264505392624 ], [ 139.728421556709691, 35.632802279701593 ], [ 139.728305720432786, 35.632843946191315 ], [ 139.727919883396112, 35.632140613398747 ], [ 139.727840441783087, 35.632012000453642 ], [ 139.727791284840123, 35.631950892419923 ], [ 139.727730169611846, 35.631901721087729 ], [ 139.727672944850724, 35.631896171371352 ], [ 139.72763516253292, 35.631892559694052 ], [ 139.727531556136569, 35.631916441190981 ], [ 139.727488781682155, 35.631926170956206 ], [ 139.727104890778264, 35.632048667612082 ], [ 139.727086278409161, 35.632056441351835 ], [ 139.72697710880675, 35.632101170932458 ], [ 139.726925447251801, 35.632122559508673 ], [ 139.726716278433628, 35.63220838720747 ], [ 139.726744332784961, 35.632366171461797 ], [ 139.726789339356742, 35.632620613051017 ], [ 139.726327665189729, 35.632857559229137 ], [ 139.726409883009865, 35.633168667100449 ], [ 139.726476083004968, 35.633333332967084 ], [ 139.726476109085297, 35.633333386926438 ], [ 139.726616278318716, 35.633682000124395 ], [ 139.726806005592834, 35.634153667557882 ], [ 139.726852944807774, 35.634270613598119 ], [ 139.726759611367129, 35.634353946577562 ], [ 139.726558495078621, 35.634533667095241 ], [ 139.725998495334466, 35.635033667669802 ], [ 139.725631284156634, 35.63515505456229 ], [ 139.725495162771722, 35.635200053939514 ], [ 139.725003217424728, 35.635298973069325 ], [ 139.725000000549812, 35.63529964036627 ], [ 139.724637665496061, 35.635372559196412 ], [ 139.724195162177125, 35.635431721097234 ], [ 139.724162944864247, 35.635438108082383 ], [ 139.72338294486724, 35.63559061331631 ], [ 139.722461829549957, 35.635861999931535 ], [ 139.722212387292075, 35.635978945971772 ], [ 139.722183217781435, 35.635909225130774 ], [ 139.722168494980224, 35.635874225315433 ], [ 139.722094617472749, 35.635696721626573 ], [ 139.722060726521477, 35.635578667621587 ], [ 139.722031284516333, 35.6354608924064 ], [ 139.722029339282813, 35.635387838677957 ], [ 139.721679611824811, 35.635371441339089 ], [ 139.721639611778869, 35.635369505098765 ], [ 139.721576550417694, 35.635366721697039 ], [ 139.721458781497745, 35.635361171081342 ], [ 139.721392114754508, 35.635213666977336 ], [ 139.721349610995958, 35.635133973554218 ], [ 139.721307393221764, 35.635069252044502 ], [ 139.721265162857208, 35.635024532356454 ], [ 139.721197108459933, 35.634988973162763 ], [ 139.721032114340801, 35.634966468527864 ], [ 139.720860143281129, 35.634955081312114 ], [ 139.720793748133133, 35.634957027445012 ], [ 139.720731803729905, 35.634958973577909 ], [ 139.720670415107747, 35.634960640021689 ], [ 139.720655136525465, 35.634956748655213 ], [ 139.720580973033634, 35.634937306211896 ], [ 139.720491803454138, 35.634891197970603 ], [ 139.720203476309507, 35.634728972863968 ], [ 139.71996236177381, 35.634577306697508 ], [ 139.719838755354431, 35.634602865430054 ], [ 139.719617639043008, 35.634648693982228 ], [ 139.719565694201606, 35.634659252023027 ], [ 139.719098755403365, 35.634755919250438 ], [ 139.718655966100187, 35.635155919710087 ], [ 139.718180415394045, 35.635092306165177 ], [ 139.717828197713288, 35.635045360655056 ], [ 139.717739027234529, 35.635262865289178 ], [ 139.717666524790502, 35.63543953260853 ], [ 139.717657082808273, 35.635802865010362 ], [ 139.71790124514655, 35.635879532214801 ], [ 139.717839300743321, 35.636043973250935 ], [ 139.718019585135949, 35.636249801986935 ], [ 139.718088755591793, 35.636328972903925 ], [ 139.71814153050741, 35.636388972972895 ], [ 139.718207912165553, 35.636464802009186 ], [ 139.717550169604806, 35.637250919194742 ], [ 139.717545162179704, 35.637368413821434 ], [ 139.71752795185364, 35.637444532439361 ], [ 139.717447393282782, 35.637586198144675 ], [ 139.717327393144842, 35.637822865532996 ], [ 139.717257108428953, 35.637921748689905 ], [ 139.717203502539746, 35.637946468354983 ], [ 139.716932944200153, 35.638091198050518 ], [ 139.716679052996028, 35.638260360527397 ], [ 139.716682114288346, 35.638546468145137 ], [ 139.716686550643999, 35.638986197954864 ], [ 139.716687108223596, 35.639035360293803 ], [ 139.716687665803306, 35.639074252374996 ], [ 139.716687665803306, 35.639082586392419 ], [ 139.716764332108369, 35.639632027196456 ], [ 139.716767393400687, 35.639647306678 ], [ 139.716796550320737, 35.639796468232589 ], [ 139.71684321704106, 35.639901748267221 ], [ 139.716897951579426, 35.639956468416472 ], [ 139.717011284143609, 35.640003135136737 ], [ 139.717167393860336, 35.640061748451103 ], [ 139.717193216993564, 35.64006646809321 ], [ 139.717425162041764, 35.640108414272049 ], [ 139.717561829315173, 35.640167027586415 ], [ 139.717666835056548, 35.640213694306738 ], [ 139.717760999470784, 35.640290640300975 ], [ 139.717854890491026, 35.64040786513101 ], [ 139.717936005742217, 35.640518693982699 ], [ 139.718055447401184, 35.640667306051512 ], [ 139.718150440990257, 35.640751720915375 ], [ 139.718264060438173, 35.640811720984289 ], [ 139.718615162060246, 35.64095005470142 ], [ 139.718969883453497, 35.641091721306054 ], [ 139.71917489020916, 35.641167559335543 ], [ 139.719208003246877, 35.641187865128018 ], [ 139.719401284641776, 35.641306721328306 ], [ 139.719645746454262, 35.641400053869575 ], [ 139.719666304056886, 35.641408108197822 ], [ 139.719729079433591, 35.641432000486589 ], [ 139.71967241225218, 35.641476721073957 ], [ 139.719530752842161, 35.641588666883649 ], [ 139.71943182921575, 35.641666666883339 ], [ 139.71943175097465, 35.641666720842636 ], [ 139.719202412161735, 35.641847559217638 ], [ 139.719439637129767, 35.642000054559048 ], [ 139.719529079203767, 35.642080613129963 ], [ 139.719560752427014, 35.642108946271037 ], [ 139.719566589027067, 35.642115054466331 ], [ 139.71969158220088, 35.642248946431891 ], [ 139.7199543587069, 35.642613667387025 ], [ 139.720023800757986, 35.642706441449263 ], [ 139.720047419652929, 35.642737558891383 ], [ 139.720176304193274, 35.64290977546591 ], [ 139.720526861725489, 35.643377279038361 ], [ 139.720609364630604, 35.643487559303594 ], [ 139.72065435861191, 35.643547559372507 ], [ 139.720957134264495, 35.64395172099529 ], [ 139.721316861284322, 35.644409225005916 ], [ 139.721440467703587, 35.644407838251311 ], [ 139.721459364258408, 35.644407838251311 ], [ 139.721908807645491, 35.644403108716688 ], [ 139.721922140094875, 35.644403108716688 ], [ 139.722222140439612, 35.644400054618984 ], [ 139.722239364255415, 35.644399774929809 ], [ 139.722316861534068, 35.644398946654235 ], [ 139.722361310526253, 35.64439866696506 ], [ 139.722402140646409, 35.644398108486087 ], [ 139.722492140300233, 35.644397279311136 ], [ 139.722628003579644, 35.644593387275165 ], [ 139.722686615095427, 35.644678107908533 ], [ 139.722758833353623, 35.644782838457388 ], [ 139.722868003855524, 35.644940333130023 ], [ 139.722855499681714, 35.644998946444389 ], [ 139.722815499635772, 35.645187278869969 ], [ 139.722788275358766, 35.645314774857127 ], [ 139.722751894184739, 35.645486171249956 ], [ 139.722931336811939, 35.645705333334604 ], [ 139.723124163149805, 35.646018559109393 ], [ 139.723322165985337, 35.646340054150357 ], [ 139.723452166584366, 35.646537279072334 ], [ 139.723489948002907, 35.646594775428696 ], [ 139.723560220128206, 35.646701171522011 ], [ 139.723369390285256, 35.646821171659894 ], [ 139.723190506137144, 35.646959505377026 ], [ 139.722979105201716, 35.64711783821781 ], [ 139.723014669791382, 35.647197000141603 ], [ 139.723018003578204, 35.647204775679995 ], [ 139.723047717178588, 35.647270613248395 ], [ 139.723083281768254, 35.647349775172131 ], [ 139.723115772475126, 35.647422279414855 ], [ 139.723125499542334, 35.647444225570723 ], [ 139.723243839531733, 35.647707838446138 ], [ 139.723256329316314, 35.647735891898037 ], [ 139.72328022070576, 35.647788946502828 ], [ 139.723120506506348, 35.648230892242054 ], [ 139.72303328126111, 35.6484725589616 ], [ 139.722952438504421, 35.648775613403984 ], [ 139.722777755988773, 35.649431441308138 ], [ 139.722709144012015, 35.649688667198404 ], [ 139.722649416437548, 35.649913108303451 ], [ 139.722634423839736, 35.649969225099824 ], [ 139.722628029659973, 35.649993387185248 ], [ 139.722626835360302, 35.649999999900217 ], [ 139.722626835360302, 35.650000053859571 ], [ 139.72257581142469, 35.650284504926105 ], [ 139.722544695781266, 35.650457279080342 ], [ 139.722538859181213, 35.650519775667306 ], [ 139.722524968252856, 35.650670613558134 ], [ 139.722512750063515, 35.650802559390797 ], [ 139.72250885959636, 35.650843387712314 ], [ 139.722490246327993, 35.651047000518815 ], [ 139.722419416622984, 35.652208946186079 ], [ 139.722405525694626, 35.652329775498913 ], [ 139.722189416808305, 35.652347559592386 ], [ 139.722164968738525, 35.652348667557135 ], [ 139.722160803978113, 35.65234894634699 ], [ 139.722011634329647, 35.652356441296888 ], [ 139.72194664122469, 35.652365332893964 ], [ 139.721875525535211, 35.652397837990009 ], [ 139.72180747113805, 35.652486721585092 ], [ 139.72173608385333, 35.652647837827601 ], [ 139.721667470977195, 35.653035054424379 ], [ 139.72155802977943, 35.653616171149565 ], [ 139.72155192068476, 35.653737558941373 ], [ 139.721569689489797, 35.653832279136566 ], [ 139.721637756477435, 35.653992000530593 ], [ 139.722061946002214, 35.654863919334559 ], [ 139.722530558438734, 35.655522251850584 ], [ 139.722611388604832, 35.655660586467036 ], [ 139.722698054471834, 35.655808918846674 ], [ 139.722731946322483, 35.655866414303716 ], [ 139.722763333561147, 35.655931973082261 ], [ 139.722792776465667, 35.656075306130617 ], [ 139.722655837597017, 35.655961693877259 ], [ 139.722599170415606, 35.655914468677963 ], [ 139.722518885238514, 35.655860586696861 ], [ 139.722381388790268, 35.655768640010876 ], [ 139.722279728526814, 35.655700865302833 ], [ 139.722161388537415, 35.655623919308596 ], [ 139.722100000814521, 35.655603359907275 ], [ 139.722041388399589, 35.655600306708948 ], [ 139.721973891582024, 35.655603359907275 ], [ 139.721716109011368, 35.655681973244612 ], [ 139.721538340022562, 35.655744468032935 ], [ 139.720158340235344, 35.656228667519144 ], [ 139.71847360607228, 35.656833946329698 ], [ 139.718188612714471, 35.656932559690063 ], [ 139.718045279666057, 35.656982279608656 ], [ 139.717851362450574, 35.656558946238533 ], [ 139.717505253864601, 35.656678108208268 ], [ 139.716728586755039, 35.656896721706516 ], [ 139.716669974339993, 35.656901559159792 ], [ 139.716666667532877, 35.656901837949647 ], [ 139.716493307020642, 35.656916171344392 ], [ 139.71631552544136, 35.656933387066317 ], [ 139.716248859597385, 35.656939774950843 ], [ 139.716183865593052, 35.656946170929189 ], [ 139.715780532245958, 35.656985333706359 ], [ 139.715209415981917, 35.65709755920517 ], [ 139.715164968788486, 35.657106440909672 ], [ 139.714979974646326, 35.657142838271511 ], [ 139.714746641044826, 35.657217559343053 ], [ 139.714594695189248, 35.657278387687597 ], [ 139.714463865415269, 35.657348108528538 ], [ 139.714278586188016, 35.657512000078896 ], [ 139.713937471537292, 35.657823107950264 ], [ 139.713692192241069, 35.658003386946916 ], [ 139.713673307377462, 35.658017279673857 ], [ 139.713199144325245, 35.658281441135784 ], [ 139.713100311530297, 35.658333332917152 ], [ 139.713100195517768, 35.65833338687645 ], [ 139.712971089744201, 35.658401171477067 ], [ 139.712877756303556, 35.658450054126888 ], [ 139.713027756026349, 35.658622838173585 ], [ 139.713279689406363, 35.658913387542952 ], [ 139.713369974145166, 35.659017279024397 ], [ 139.713450558796467, 35.659110053985955 ], [ 139.713772775992993, 35.659673945995962 ], [ 139.713792503521404, 35.659758386940155 ], [ 139.713266939717641, 35.660053667642785 ], [ 139.712878612458212, 35.660291720886391 ], [ 139.712834449450497, 35.660318667272861 ], [ 139.712797497206907, 35.660341441704361 ], [ 139.712397224252641, 35.660586441311409 ], [ 139.712359442834213, 35.660609775121202 ], [ 139.71231778263973, 35.660635332954428 ], [ 139.71216250299733, 35.660730332838739 ], [ 139.71201277666853, 35.660865333668369 ], [ 139.711834721695254, 35.661025613541369 ], [ 139.711643606767211, 35.661257559488945 ], [ 139.711549170757849, 35.661372279707109 ], [ 139.711080000741617, 35.661895613192144 ], [ 139.71054472156186, 35.662524775298323 ], [ 139.71027027275511, 35.662847559067757 ], [ 139.71022834006601, 35.662896721406753 ], [ 139.710032776191838, 35.66307200017286 ], [ 139.710023333310346, 35.663080612980082 ], [ 139.709956108987399, 35.66314089183885 ], [ 139.709320558097488, 35.663545333150751 ], [ 139.708563891010954, 35.664067000192063 ], [ 139.708604163551513, 35.664156441366856 ], [ 139.708625837212821, 35.664204775430221 ], [ 139.708637497822451, 35.664230054473592 ], [ 139.708705279725109, 35.664380613574622 ], [ 139.709292503746269, 35.665013387358101 ], [ 139.70931778278964, 35.665040892223544 ], [ 139.709342503354037, 35.665067279231721 ], [ 139.709539170696303, 35.665279225156269 ], [ 139.709564163755317, 35.665306171542738 ], [ 139.709590830452612, 35.665335054169589 ], [ 139.709887523090856, 35.665655054537297 ], [ 139.710162801971933, 35.665960613591608 ], [ 139.710247523504563, 35.666011441475007 ], [ 139.710262529592228, 35.666020333072083 ], [ 139.710435863124758, 35.666083108448845 ], [ 139.710440311171624, 35.666084774892624 ], [ 139.710551699401549, 35.666125054627742 ], [ 139.710608911572194, 35.666139775630313 ], [ 139.710706420565089, 35.666165054673684 ], [ 139.710719196334026, 35.666170333694083 ], [ 139.710841141705487, 35.666219774822935 ], [ 139.710950584701891, 35.666294504887674 ], [ 139.711013917658306, 35.666365613382538 ], [ 139.71102114101302, 35.666373667710786 ], [ 139.711282192619251, 35.666666666833351 ], [ 139.71128221869958, 35.666666721692025 ], [ 139.711381971500941, 35.66677866750166 ], [ 139.711513359753894, 35.666810613219411 ], [ 139.711560584053927, 35.666863387235708 ], [ 139.711788911129474, 35.667118387303901 ], [ 139.712672827788992, 35.668105892373205 ], [ 139.712893385621442, 35.668347532113103 ], [ 139.713477276755043, 35.668986414091876 ], [ 139.71381255570509, 35.66934891911751 ], [ 139.714393385546487, 35.669188081664799 ], [ 139.714535058446359, 35.669370027105231 ], [ 139.714668392832209, 35.669540865019087 ], [ 139.714708105994418, 35.669591694701126 ], [ 139.714615616117953, 35.669705865433514 ], [ 139.714309780072426, 35.669903919530441 ], [ 139.714204228442554, 35.669972252717457 ], [ 139.714173113698394, 35.669992251841109 ], [ 139.714089222239977, 35.670046694099824 ], [ 139.714086161847035, 35.670048640232721 ], [ 139.713735058426437, 35.670310865454269 ], [ 139.71383783474846, 35.670518360633992 ], [ 139.714008664568382, 35.670862801876979 ], [ 139.714236200240634, 35.671131973461968 ], [ 139.714236200240634, 35.671433360561309 ], [ 139.714301751824564, 35.671547252503842 ], [ 139.714510363063027, 35.671847532537754 ], [ 139.714526472618786, 35.671886135037255 ], [ 139.714541193621358, 35.671920865056052 ], [ 139.714608418843682, 35.672081135036535 ], [ 139.714334527616529, 35.672192802056315 ], [ 139.71450258122934, 35.672461414263012 ], [ 139.714557302277854, 35.67254919798728 ], [ 139.714657859972476, 35.672621135657039 ], [ 139.714933411348056, 35.672994468520073 ], [ 139.715476200766261, 35.672798919035074 ], [ 139.715707302250394, 35.672715586055631 ], [ 139.716073696843864, 35.672542252523101 ], [ 139.716128690386881, 35.672516135311582 ], [ 139.716202581384209, 35.672481135496184 ], [ 139.716537588738902, 35.67237586535407 ], [ 139.716560078085308, 35.672368918990571 ], [ 139.716666667532877, 35.672417748580415 ], [ 139.716670078661423, 35.672419306206166 ], [ 139.716804527307318, 35.672480865699583 ], [ 139.717005642696449, 35.672572802492994 ], [ 139.716940921186733, 35.672693360210587 ], [ 139.716897302268876, 35.672775027645571 ], [ 139.716848145325798, 35.672866135264087 ], [ 139.716818418235562, 35.672921973270604 ], [ 139.716670078661423, 35.673213413868098 ], [ 139.716666667532877, 35.673220135401095 ], [ 139.716621479298055, 35.673308919171461 ], [ 139.716558418836144, 35.673433081371797 ], [ 139.716666667532877, 35.673461306594163 ], [ 139.716670078661423, 35.673462197822346 ], [ 139.717263995437179, 35.673616972945126 ], [ 139.718144838213902, 35.673930026949336 ], [ 139.718723995316282, 35.674177252378456 ], [ 139.719275383152535, 35.674412532112854 ], [ 139.719475668467453, 35.674498081021795 ], [ 139.719600117551522, 35.674710586324693 ], [ 139.719739001653807, 35.674947532502813 ], [ 139.719754163324183, 35.674974802645181 ], [ 139.719768197244662, 35.674999999850286 ], [ 139.719768197244662, 35.675000026829935 ], [ 139.719948444765123, 35.675324198253293 ], [ 139.719904553352649, 35.67546474789998 ], [ 139.719888716291393, 35.675515865365071 ], [ 139.719780973013712, 35.675754748682891 ], [ 139.719799027803106, 35.675826973236383 ], [ 139.719733191134083, 35.676281973534401 ], [ 139.719619585175906, 35.676658333515434 ], [ 139.719862633254138, 35.676726946391625 ], [ 139.719559857601553, 35.67740694627372 ], [ 139.71966958568305, 35.677448892452617 ], [ 139.719831530201191, 35.677510558965309 ], [ 139.719936809336446, 35.677550838700427 ], [ 139.719769300712869, 35.677879441083519 ], [ 139.719584034076092, 35.678310000506258 ], [ 139.719487912737122, 35.6784105591002 ], [ 139.719600973706179, 35.678490000713111 ], [ 139.719751245024099, 35.678405838558774 ], [ 139.719858755377459, 35.678405838558774 ], [ 139.719882633277052, 35.678507225428291 ], [ 139.71989652420541, 35.678603333277351 ], [ 139.719930700241775, 35.67868110844654 ], [ 139.720076524412207, 35.678771667478657 ], [ 139.72014291866094, 35.678813054279203 ], [ 139.720470441857628, 35.67901638739653 ], [ 139.720646005708772, 35.679125559697013 ], [ 139.721157665094324, 35.679315278877198 ], [ 139.721217665163294, 35.679245000456547 ], [ 139.721557107974377, 35.678847775304746 ], [ 139.722159052998109, 35.679029441056002 ], [ 139.722579053480672, 35.679063332906651 ], [ 139.72266600533203, 35.678561946476805 ], [ 139.722727393054925, 35.678252505049215 ], [ 139.723272387610791, 35.678558892379158 ], [ 139.723227639144397, 35.678761387328336 ], [ 139.723216278008977, 35.678813054279203 ], [ 139.723168495230084, 35.679028054301455 ], [ 139.72318099940378, 35.679055279477723 ], [ 139.723204332314253, 35.679105559673985 ], [ 139.72367710861181, 35.679088333160223 ], [ 139.723850441245077, 35.679088333160223 ], [ 139.724049882995928, 35.679118613333515 ], [ 139.72412572012604, 35.679130000549264 ], [ 139.724214163053375, 35.679160505553057 ], [ 139.724664060598116, 35.679315278877198 ], [ 139.724686835029615, 35.679317775395191 ], [ 139.724933217793932, 35.679345279361314 ], [ 139.725000000549812, 35.679309360438822 ], [ 139.725003502509821, 35.679307468265222 ], [ 139.725138223650333, 35.679234999995401 ], [ 139.725388781067522, 35.679100559443441 ], [ 139.725538223210606, 35.679100559443441 ], [ 139.725728222979342, 35.679130559028238 ], [ 139.726044331980461, 35.679106387050297 ], [ 139.726225720740558, 35.679033613010972 ], [ 139.726748495746619, 35.679288054600192 ], [ 139.726804916513856, 35.679420838601004 ], [ 139.726907419442, 35.67966250532055 ], [ 139.726986030980697, 35.679807775508607 ], [ 139.727155473146695, 35.680122775645771 ], [ 139.727225473676867, 35.680252505548879 ], [ 139.727514643486188, 35.680808333338064 ], [ 139.727575188544279, 35.681058612864831 ], [ 139.727649637121203, 35.681513891952704 ], [ 139.727713528556706, 35.681644171341588 ], [ 139.727785473421022, 35.681790279697793 ], [ 139.727827134514769, 35.681875279121016 ], [ 139.728339105065857, 35.682639441157448 ], [ 139.728450506785634, 35.682805278840704 ], [ 139.728456328996572, 35.6828141713371 ], [ 139.728528833239238, 35.682832225227173 ], [ 139.729128003854498, 35.682819441364302 ], [ 139.729564669673891, 35.682810279071305 ], [ 139.729734112739266, 35.682530279648859 ], [ 139.729758275724066, 35.68249027960286 ], [ 139.729832996795494, 35.682296107879267 ], [ 139.729904669165307, 35.682190838636473 ], [ 139.730215227550843, 35.681733054037352 ], [ 139.730510778050188, 35.681309171181454 ], [ 139.730540506039688, 35.681266667422904 ] ] ] ] } },
{ "type": "Feature", "properties": { "fid": 34507, "OBJECTID": 34507.0, "N03_001": "東京都", "N03_002": null, "N03_003": null, "N03_004": "新宿区", "N03_007": "13104", "Shape_Leng": 0.28621858272050099, "Shape_Area": 0.0018148539386780001 }, "geometry": { "type": "MultiPolygon", "coordinates": [ [ [ [ 139.744534617179056, 35.704316332832661 ], [ 139.744622387413415, 35.704073837837484 ], [ 139.744849611020868, 35.70362022519339 ], [ 139.744994616808299, 35.703472441400208 ], [ 139.745053774212465, 35.703427441123665 ], [ 139.745060169291605, 35.703422440893121 ], [ 139.745230999111527, 35.703292441193355 ], [ 139.745503216700286, 35.70319438721134 ], [ 139.745512672172254, 35.703191054323838 ], [ 139.745711283848891, 35.703087170936328 ], [ 139.745749052676842, 35.703067440709958 ], [ 139.745763773679414, 35.70304855944363 ], [ 139.745832386555549, 35.702960225334323 ], [ 139.74587044136797, 35.702911054002129 ], [ 139.745638495420394, 35.702744387143923 ], [ 139.745572334995472, 35.702702135195523 ], [ 139.745394332182855, 35.702588279225893 ], [ 139.745264059988585, 35.702521332793424 ], [ 139.745263217323782, 35.70252077521377 ], [ 139.745126550050372, 35.702450504887054 ], [ 139.745095446997425, 35.702434387237361 ], [ 139.744995161797419, 35.702382721185813 ], [ 139.744977107907403, 35.702373558892816 ], [ 139.744790169430985, 35.702277171354524 ], [ 139.744742944231689, 35.702253000275903 ], [ 139.744686834629874, 35.702240774892005 ], [ 139.744582944047806, 35.702316612921493 ], [ 139.744478780971122, 35.702308278904127 ], [ 139.744461283761439, 35.702293000321845 ], [ 139.744310168879338, 35.702162999722816 ], [ 139.744303217119977, 35.702157720702417 ], [ 139.744131245161043, 35.702029107757255 ], [ 139.744026252010144, 35.701933838076343 ], [ 139.74391680901374, 35.701834667136325 ], [ 139.74384486414931, 35.701769387147692 ], [ 139.743690142985884, 35.701628558711207 ], [ 139.743727639319332, 35.701597720958205 ], [ 139.744122633253141, 35.701273559427364 ], [ 139.743735422052282, 35.700845775312473 ], [ 139.743609026835315, 35.700692440903595 ], [ 139.743467639020537, 35.700521333193137 ], [ 139.74320958485464, 35.700217721171043 ], [ 139.743035966237017, 35.700013279189648 ], [ 139.743024668953467, 35.699999999800298 ], [ 139.743024642873138, 35.699999945841 ], [ 139.742927911793913, 35.69988605389841 ], [ 139.742818754781865, 35.699786613161848 ], [ 139.742707912440437, 35.699685774878787 ], [ 139.742056225914325, 35.698922171321328 ], [ 139.741670388877537, 35.698467946238907 ], [ 139.741666666583569, 35.698463559345953 ], [ 139.74160483819287, 35.698390775414111 ], [ 139.741453722411507, 35.69818050492654 ], [ 139.7414406606581, 35.698162171347292 ], [ 139.739981193177755, 35.696291612967741 ], [ 139.739352022977641, 35.695387171081222 ], [ 139.739342023415816, 35.695372720774628 ], [ 139.739083139175705, 35.695001054355316 ], [ 139.739080362968593, 35.69499689229292 ], [ 139.738868145448691, 35.694691891717582 ], [ 139.738226160808836, 35.693952747921173 ], [ 139.737835058241558, 35.693525801974374 ], [ 139.737794773110522, 35.693441081341007 ], [ 139.73757089498099, 35.693225252143861 ], [ 139.737007003870303, 35.692737467959944 ], [ 139.736727562027568, 35.692505252215767 ], [ 139.736283644974378, 35.692189973288805 ], [ 139.73615474694418, 35.692123586234686 ], [ 139.73614252875484, 35.692117468146819 ], [ 139.736077523059407, 35.692083864978542 ], [ 139.735843916963404, 35.691963864840659 ], [ 139.735713087189424, 35.691896639618392 ], [ 139.735319468318949, 35.69169413477664 ], [ 139.735265913691137, 35.691666666783419 ], [ 139.735265863329118, 35.691666639803771 ], [ 139.734955577438086, 35.691507467895519 ], [ 139.734362801901966, 35.691200252290002 ], [ 139.734070025811207, 35.691018865328545 ], [ 139.733990855793536, 35.69096525224478 ], [ 139.733336977619615, 35.690523667133675 ], [ 139.733333332667371, 35.690521224575036 ], [ 139.733113916973821, 35.690373027093699 ], [ 139.732810830155813, 35.690162467923699 ], [ 139.732542776428204, 35.690019973043491 ], [ 139.732532502573122, 35.690014414333916 ], [ 139.732287224176275, 35.689883865148431 ], [ 139.732078053559462, 35.689796639903193 ], [ 139.731658611555872, 35.689621639926884 ], [ 139.731575278576429, 35.689573305863519 ], [ 139.731377223580239, 35.689401359984913 ], [ 139.731236939233554, 35.689225802429007 ], [ 139.731175279016043, 35.689142467650925 ], [ 139.731094448849944, 35.688975801692038 ], [ 139.731043333183493, 35.688759693705094 ], [ 139.731016938980702, 35.688628026662286 ], [ 139.730955278763304, 35.688474134673754 ], [ 139.730845005692686, 35.688294972635049 ], [ 139.730793060851283, 35.688104414387396 ], [ 139.730762191622034, 35.687876640394791 ], [ 139.730665525293944, 35.687538026758716 ], [ 139.730379689271444, 35.686966639798754 ], [ 139.730278585688325, 35.686711360041386 ], [ 139.730272749987648, 35.686624972964296 ], [ 139.73026413718037, 35.686493305921488 ], [ 139.730261089377905, 35.686450532366337 ], [ 139.73025219238491, 35.686315532436026 ], [ 139.730190532167512, 35.686074134613762 ], [ 139.730164137065458, 35.685920532206978 ], [ 139.7300905320526, 35.685786359652923 ], [ 139.730045524581442, 35.685704134638286 ], [ 139.730001361573727, 35.685541919424224 ], [ 139.730014694922374, 35.685384135169841 ], [ 139.730049415947974, 35.685235532094282 ], [ 139.730075525065558, 35.685123026906354 ], [ 139.73011941557877, 35.684935802445466 ], [ 139.730126354747654, 35.684904972786455 ], [ 139.730174112345594, 35.6847008024003 ], [ 139.730194112368622, 35.68466163962313 ], [ 139.730269390120384, 35.684513026654997 ], [ 139.730322165935377, 35.684249694368077 ], [ 139.730414669301695, 35.683823027211076 ], [ 139.73048494232637, 35.68355080242776 ], [ 139.730564112344041, 35.683361918717765 ], [ 139.730575253145616, 35.683333332867164 ], [ 139.730575253145616, 35.683333305887516 ], [ 139.730607716872782, 35.683249972908072 ], [ 139.730752996054093, 35.682877748009844 ], [ 139.731003554370659, 35.682363333101534 ], [ 139.731023554393687, 35.682324441020285 ], [ 139.731201607568323, 35.681976108410822 ], [ 139.731499390184922, 35.681495278684338 ], [ 139.731079104617152, 35.68124444067854 ], [ 139.730990506107105, 35.681191386973069 ], [ 139.730943280907809, 35.68116333262185 ], [ 139.730915772445087, 35.68114666728502 ], [ 139.730709948205686, 35.681023891839288 ], [ 139.730540506039688, 35.681266667422904 ], [ 139.730510778050188, 35.681309171181454 ], [ 139.73021522665158, 35.681733054037352 ], [ 139.729904669165307, 35.682190837737153 ], [ 139.729832995896231, 35.682296107879267 ], [ 139.72975827482469, 35.68249027870354 ], [ 139.729734111840003, 35.682530278749539 ], [ 139.729564668774628, 35.682810279071305 ], [ 139.729128002955122, 35.682819441364302 ], [ 139.728528833239238, 35.682832225227173 ], [ 139.728456328996572, 35.6828141713371 ], [ 139.728450505886372, 35.682805278840704 ], [ 139.728339105065857, 35.682639441157448 ], [ 139.727827133615506, 35.681875279121016 ], [ 139.727785473421022, 35.681790278798474 ], [ 139.727713527657329, 35.681644171341588 ], [ 139.727649637121203, 35.681513891952704 ], [ 139.727575187645016, 35.681058612864831 ], [ 139.727514642586812, 35.680808333338064 ], [ 139.727225472777491, 35.680252504649559 ], [ 139.727155473146695, 35.680122774746451 ], [ 139.726986030980697, 35.679807774609287 ], [ 139.726907419442, 35.67966250532055 ], [ 139.726804915614593, 35.679420837701684 ], [ 139.726748494847357, 35.679288053700873 ], [ 139.726225719841295, 35.679033613010972 ], [ 139.726044331980461, 35.679106387050297 ], [ 139.725728222979342, 35.679130559028238 ], [ 139.725538223210606, 35.679100559443441 ], [ 139.725388781067522, 35.679100559443441 ], [ 139.725138222750957, 35.679234999995401 ], [ 139.725003501610445, 35.679307468265222 ], [ 139.724999999650436, 35.679309360438822 ], [ 139.724933216894669, 35.679345279361314 ], [ 139.724686835029615, 35.679317775395191 ], [ 139.724664059698739, 35.679315278877198 ], [ 139.724214163053375, 35.679160504653737 ], [ 139.72412572012604, 35.679129999649945 ], [ 139.724049882995928, 35.679118613333515 ], [ 139.723850441245077, 35.679088333160223 ], [ 139.723677107712547, 35.679088333160223 ], [ 139.723204332314253, 35.679105558774665 ], [ 139.72318099940378, 35.679055278578403 ], [ 139.723168495230084, 35.679028054301455 ], [ 139.723216278008977, 35.678813054279203 ], [ 139.723227639144397, 35.678761387328336 ], [ 139.723272386711415, 35.678558892379158 ], [ 139.722727393054925, 35.678252505049215 ], [ 139.72266600533203, 35.678561945577485 ], [ 139.722579052581409, 35.679063332906651 ], [ 139.722159052998109, 35.679029441056002 ], [ 139.721557107974377, 35.678847775304746 ], [ 139.721217665163294, 35.679244999557227 ], [ 139.721157665094324, 35.679315278877198 ], [ 139.720646004809396, 35.679125558797693 ], [ 139.720470440958252, 35.67901638739653 ], [ 139.720142917761677, 35.678813054279203 ], [ 139.720076524412207, 35.678771666579337 ], [ 139.719930700241775, 35.67868110844654 ], [ 139.71989652420541, 35.678603333277351 ], [ 139.719882633277052, 35.678507225428291 ], [ 139.719858755377459, 35.678405837659454 ], [ 139.719751245024099, 35.678405837659454 ], [ 139.719600972806802, 35.678489999813792 ], [ 139.719487911837859, 35.6784105591002 ], [ 139.719584034076092, 35.678309999606938 ], [ 139.719769299813493, 35.677879441083519 ], [ 139.719936809336446, 35.677550837801107 ], [ 139.719831530201191, 35.677510558965309 ], [ 139.719669584783674, 35.67744889155324 ], [ 139.719559856702176, 35.67740694627372 ], [ 139.719862633254138, 35.676726946391625 ], [ 139.719619585175906, 35.676658332616114 ], [ 139.719733191134083, 35.676281972635081 ], [ 139.719799026903729, 35.675826973236383 ], [ 139.719780973013712, 35.675754747783571 ], [ 139.719888716291393, 35.675515865365071 ], [ 139.719904553352649, 35.67546474789998 ], [ 139.719948443865746, 35.675324198253293 ], [ 139.719768197244662, 35.675000026829935 ], [ 139.719768197244662, 35.674999999850286 ], [ 139.719754163324183, 35.674974801745861 ], [ 139.71973900075443, 35.674947531603493 ], [ 139.719600116652259, 35.674710586324693 ], [ 139.71947566756819, 35.674498081021795 ], [ 139.719275383152535, 35.674412532112854 ], [ 139.718723995316282, 35.674177252378456 ], [ 139.718144838213902, 35.673930026949336 ], [ 139.717263995437179, 35.673616972945126 ], [ 139.716670077762046, 35.673462197822346 ], [ 139.7166666666335, 35.673461305694843 ], [ 139.716558417936767, 35.673433081371797 ], [ 139.71615732839814, 35.67404364010207 ], [ 139.716004553367611, 35.674010027041277 ], [ 139.71546230893864, 35.673890305693192 ], [ 139.715082892161945, 35.67463863966168 ], [ 139.714899221821838, 35.674999999850286 ], [ 139.714899221821838, 35.675000026829935 ], [ 139.714859559021647, 35.675078080788978 ], [ 139.714722891748238, 35.675026694426549 ], [ 139.714652633112678, 35.675000026829935 ], [ 139.714652554871691, 35.674999999850286 ], [ 139.713865084206418, 35.674701135349267 ], [ 139.713688417786443, 35.67461586523018 ], [ 139.713078418434407, 35.674597531650932 ], [ 139.712894254366574, 35.674618359949534 ], [ 139.712915135725098, 35.674999999850286 ], [ 139.712915135725098, 35.675000026829935 ], [ 139.712928417812464, 35.675242531717629 ], [ 139.712942607315654, 35.67564780220448 ], [ 139.712957885897936, 35.676093640209501 ], [ 139.712962334844065, 35.676218359989491 ], [ 139.712919831085514, 35.676567251977247 ], [ 139.712903722429019, 35.676902531826556 ], [ 139.712897055754752, 35.677044468227791 ], [ 139.712905110082943, 35.677287802290437 ], [ 139.71349871569339, 35.678353640108583 ], [ 139.713623164777459, 35.67857280219323 ], [ 139.713969857023471, 35.679183081234385 ], [ 139.714212632607087, 35.679610585660157 ], [ 139.714299274192285, 35.679765135053117 ], [ 139.714403748434393, 35.679951694015642 ], [ 139.714481529898876, 35.680090305623253 ], [ 139.71456180338464, 35.680233919260104 ], [ 139.714677638762168, 35.680471135234882 ], [ 139.714716252053563, 35.680550306151872 ], [ 139.714724577977108, 35.68058530596727 ], [ 139.714767366820752, 35.680767252307021 ], [ 139.714789584571804, 35.680862252191332 ], [ 139.714521529944818, 35.681057252190612 ], [ 139.714448469921081, 35.681113919372024 ], [ 139.714175966347966, 35.68132502712848 ], [ 139.714089027087084, 35.681392252350747 ], [ 139.71393208819552, 35.681513918932353 ], [ 139.713572087781813, 35.681770305755151 ], [ 139.713499026858813, 35.681840585974442 ], [ 139.713218754941749, 35.682109198181138 ], [ 139.712860973155557, 35.682334197765158 ], [ 139.712632917675137, 35.682477531712891 ], [ 139.712300973411402, 35.682709748356388 ], [ 139.711852113684245, 35.683050026637602 ], [ 139.711553216807715, 35.683276693564721 ], [ 139.711461996773892, 35.683333332867164 ], [ 139.711461970693563, 35.68333335984687 ], [ 139.711407392637284, 35.683367251697462 ], [ 139.711168780914704, 35.683367251697462 ], [ 139.710973190960203, 35.683367251697462 ], [ 139.710778469750721, 35.683375585714884 ], [ 139.710583476046736, 35.68339169437138 ], [ 139.710565966246577, 35.683398918625358 ], [ 139.710491802754632, 35.68342946769593 ], [ 139.71039180263972, 35.683470585599196 ], [ 139.71028457827083, 35.683514747707591 ], [ 139.710169027079132, 35.683643359753432 ], [ 139.709990415425523, 35.683748918577919 ], [ 139.709819857200841, 35.683837802173002 ], [ 139.709649299875423, 35.683902801573197 ], [ 139.709470699913027, 35.683983918623085 ], [ 139.709291803174324, 35.68411391922217 ], [ 139.709209856949542, 35.684139747751317 ], [ 139.709007638991579, 35.684203080707789 ], [ 139.708658470012551, 35.684227532374905 ], [ 139.708336808596982, 35.684181468200336 ], [ 139.708333332717302, 35.684180972673914 ], [ 139.708317081967948, 35.68417863983251 ], [ 139.708049027340962, 35.684235585803833 ], [ 139.707716252103523, 35.684365305814367 ], [ 139.707407638951508, 35.684462802216729 ], [ 139.707326523700317, 35.684608918666811 ], [ 139.707318470271389, 35.684974198100917 ], [ 139.707293747908352, 35.685363639620448 ], [ 139.707274332444626, 35.685726972921657 ], [ 139.707248494922283, 35.685818918708321 ], [ 139.707234616584515, 35.685867802257462 ], [ 139.707216005114674, 35.685933918615603 ], [ 139.707201284112102, 35.685986694430596 ], [ 139.707112113633343, 35.68614919832703 ], [ 139.706892671859464, 35.686351972965326 ], [ 139.706702943686082, 35.686544197656758 ], [ 139.706496277681254, 35.68675336017958 ], [ 139.706194332102882, 35.687033640190521 ], [ 139.706104890028882, 35.68721225184413 ], [ 139.706088781372387, 35.687545027081512 ], [ 139.705942672116748, 35.687853080855177 ], [ 139.705841829337146, 35.687973919161209 ], [ 139.705780169119635, 35.688048080854401 ], [ 139.705594059818168, 35.688099747805268 ], [ 139.705487664624229, 35.688129197904345 ], [ 139.704764890287606, 35.688094747574723 ], [ 139.704724616847784, 35.688085026802696 ], [ 139.704624890126752, 35.688061414203048 ], [ 139.704602387290493, 35.688056135182649 ], [ 139.704528495393902, 35.688045026756754 ], [ 139.704451555694959, 35.688033640440324 ], [ 139.704050169380025, 35.687973359782916 ], [ 139.704038781264899, 35.687971413649962 ], [ 139.702919883446043, 35.687803360037208 ], [ 139.702710142659157, 35.687771972798487 ], [ 139.702563774398868, 35.688007532222002 ], [ 139.702462386630032, 35.68800002737953 ], [ 139.7023445781399, 35.687991134883134 ], [ 139.702234617134081, 35.688309747596918 ], [ 139.702184890020817, 35.688454197603278 ], [ 139.702208781410263, 35.688504198110422 ], [ 139.702263774054131, 35.688552801970388 ], [ 139.702102943796035, 35.689169467996692 ], [ 139.701491829284691, 35.689063080896631 ], [ 139.701427665354686, 35.689051973370056 ], [ 139.701275720398371, 35.689019197578091 ], [ 139.700917951202655, 35.688942251583796 ], [ 139.700837392631797, 35.688925026868674 ], [ 139.700641530182679, 35.688882801899979 ], [ 139.700367912349407, 35.688823639999157 ], [ 139.700202088156061, 35.688788080805466 ], [ 139.700161529631032, 35.688633919020333 ], [ 139.700003475580161, 35.688581135111463 ], [ 139.699999999700367, 35.688579973187359 ], [ 139.69999097320499, 35.68857697304901 ], [ 139.699881530208586, 35.68853919792582 ], [ 139.699596524260414, 35.688440586364152 ], [ 139.699214306095541, 35.688308359943051 ], [ 139.699197912353952, 35.688302802132796 ], [ 139.699137082210768, 35.688281694145019 ], [ 139.699044306349833, 35.688249748427324 ], [ 139.698910972863246, 35.688203640186032 ], [ 139.698141803401654, 35.687901135229367 ], [ 139.698062088394863, 35.687870026780502 ], [ 139.696895940195645, 35.687411413905807 ], [ 139.696667056439651, 35.687338639866482 ], [ 139.696612606986378, 35.687321134562865 ], [ 139.696475383032634, 35.687277531832819 ], [ 139.695974553283236, 35.68707089190832 ], [ 139.695810660833558, 35.687003108207023 ], [ 139.695463164593548, 35.686860053948521 ], [ 139.695218716270915, 35.686746440795787 ], [ 139.695029559166983, 35.686648946192065 ], [ 139.694908171375232, 35.68657005406493 ], [ 139.694462049184381, 35.686288387299385 ], [ 139.693816200157698, 35.685831720557644 ], [ 139.693462581333279, 35.685587837908542 ], [ 139.693059804666404, 35.685303667430446 ], [ 139.692840362892639, 35.685148666577845 ], [ 139.692614254444493, 35.684971721368015 ], [ 139.692448975240154, 35.684851440641637 ], [ 139.692112308636297, 35.684606171237988 ], [ 139.69202785959817, 35.684544775421216 ], [ 139.691863411367535, 35.684424775283333 ], [ 139.691670077811978, 35.684283945947527 ], [ 139.691666666683545, 35.684281468315248 ], [ 139.691393968856801, 35.684082837752953 ], [ 139.69132785969316, 35.684048107734156 ], [ 139.69127396871886, 35.684019504796481 ], [ 139.691249248154463, 35.684006441244435 ], [ 139.691028105762598, 35.683890053683172 ], [ 139.690879493693842, 35.68381172093433 ], [ 139.690706446145782, 35.683702278837245 ], [ 139.690469493672367, 35.683552279114565 ], [ 139.690421166803617, 35.683521721050738 ], [ 139.690311167126879, 35.683452278999653 ], [ 139.690263385247249, 35.683421999725681 ], [ 139.69014204871678, 35.683333386826519 ], [ 139.690141971375056, 35.683333332867164 ], [ 139.689092826772708, 35.682566170692382 ], [ 139.688893671006326, 35.682404225274922 ], [ 139.688860610129268, 35.682377278888453 ], [ 139.688805888181378, 35.682332837990259 ], [ 139.688639222222491, 35.682210333240448 ], [ 139.688614773253335, 35.682192279350375 ], [ 139.688520894823569, 35.682123386785065 ], [ 139.68839616065452, 35.682031720687519 ], [ 139.688333645181729, 35.681985613345546 ], [ 139.688197522897553, 35.681904775085457 ], [ 139.687673086843688, 35.681593694193793 ], [ 139.687630855579755, 35.68162786483424 ], [ 139.68758002589766, 35.681669251634844 ], [ 139.68756308716695, 35.681683135368587 ], [ 139.68738224429535, 35.681829802203765 ], [ 139.687231698684172, 35.681952027264401 ], [ 139.687188638245289, 35.681987027079799 ], [ 139.687013917058835, 35.682181748289224 ], [ 139.686631141314251, 35.682608973025822 ], [ 139.686003800335243, 35.683333332867164 ], [ 139.686003722094256, 35.683333413806167 ], [ 139.685935862849988, 35.683411748353649 ], [ 139.685650894673245, 35.683787279159787 ], [ 139.685629494405816, 35.683862558710302 ], [ 139.685610610441472, 35.683930333418346 ], [ 139.685436160850372, 35.684548108308718 ], [ 139.685427003953237, 35.684580332816267 ], [ 139.685238949418135, 35.685267279061861 ], [ 139.685221724702956, 35.685330891707451 ], [ 139.685182554731341, 35.685473667176154 ], [ 139.684932827388252, 35.685745613169672 ], [ 139.6849894936704, 35.685881721064732 ], [ 139.685002827019048, 35.685886721295333 ], [ 139.68515143998718, 35.685943386678105 ], [ 139.685257834281856, 35.685983667312541 ], [ 139.685565331375074, 35.686100613352778 ], [ 139.685605058027136, 35.686115613145205 ], [ 139.685627561762772, 35.686124225053106 ], [ 139.685795057795872, 35.686187837698697 ], [ 139.685897834117895, 35.686421441096797 ], [ 139.685910609886946, 35.686450892095138 ], [ 139.685919780273821, 35.686471440704565 ], [ 139.685920336954155, 35.686481999644741 ], [ 139.68592450081519, 35.686544775021503 ], [ 139.685937275684864, 35.686742278733334 ], [ 139.685939221817762, 35.686769504808979 ], [ 139.685942554705321, 35.686822838203568 ], [ 139.68594228311008, 35.686825612612097 ], [ 139.685924811980613, 35.687104504969113 ], [ 139.685918145306346, 35.687211440655631 ], [ 139.686131478884818, 35.687287278685119 ], [ 139.686117030376863, 35.687345332621192 ], [ 139.68597980462448, 35.687893386670623 ], [ 139.68586564198597, 35.687871999893048 ], [ 139.685814527218781, 35.687862279121077 ], [ 139.684188391980911, 35.687556999755884 ], [ 139.683951997087206, 35.687693107650944 ], [ 139.683848105605762, 35.687752837923313 ], [ 139.683809221618503, 35.687775332665638 ], [ 139.683674227983374, 35.687997279051331 ], [ 139.68365450135434, 35.688029775154178 ], [ 139.683616160557563, 35.688092838313992 ], [ 139.683343942968804, 35.688421721285579 ], [ 139.683336718714827, 35.688438748149849 ], [ 139.683333332767234, 35.688446774599129 ], [ 139.683218948895501, 35.688716440811277 ], [ 139.6832598050961, 35.689012558782736 ], [ 139.683283411400453, 35.689103946090427 ], [ 139.683328144578354, 35.689278667276824 ], [ 139.683333332767234, 35.689298721259149 ], [ 139.683336743895779, 35.689311837871173 ], [ 139.68334508420844, 35.689343946366193 ], [ 139.683354812175025, 35.689382279069093 ], [ 139.683683696045932, 35.689722559148947 ], [ 139.683761750904296, 35.689842838076686 ], [ 139.683797302004109, 35.689897279436082 ], [ 139.683883411190664, 35.690029774754464 ], [ 139.684058144967594, 35.690391440712574 ], [ 139.684294812355915, 35.690376720609322 ], [ 139.684421193183653, 35.690368667180394 ], [ 139.68448313938552, 35.690495612782456 ], [ 139.684497860388092, 35.69052561326663 ], [ 139.684738974923903, 35.691018386889198 ], [ 139.684810116693711, 35.691242559096963 ], [ 139.684818444415896, 35.691423386680128 ], [ 139.684521776958604, 35.691547279083807 ], [ 139.68448955874635, 35.691560892121629 ], [ 139.684453450066826, 35.691575891914056 ], [ 139.684236252101527, 35.691666666783419 ], [ 139.684236135189622, 35.691666720742717 ], [ 139.684194279842359, 35.691684225147014 ], [ 139.684455382709871, 35.692024505226925 ], [ 139.683990116650762, 35.691990613376277 ], [ 139.683994279612534, 35.692063107726426 ], [ 139.683996498239935, 35.69210089184287 ], [ 139.683997613399356, 35.692122837998738 ], [ 139.684002607334605, 35.692209225075828 ], [ 139.683990116650762, 35.692353387299136 ], [ 139.683909830574407, 35.6924417214085 ], [ 139.683897613284444, 35.692455332647626 ], [ 139.683885940084224, 35.692466999552551 ], [ 139.683799559302429, 35.692554224797789 ], [ 139.683740389307673, 35.692613946076904 ], [ 139.684030946770918, 35.692774504739759 ], [ 139.684451218848835, 35.693069225164777 ], [ 139.684593995216915, 35.693180332806264 ], [ 139.68481900109623, 35.693372278707841 ], [ 139.685069274327702, 35.693639225370134 ], [ 139.685175382638022, 35.693752279144519 ], [ 139.685412891791657, 35.69399422465392 ], [ 139.685612088027597, 35.694213946116861 ], [ 139.685692088119595, 35.694346721124418 ], [ 139.685809026965217, 35.694576441249922 ], [ 139.686237081776085, 35.695457251651021 ], [ 139.686451529614601, 35.695950027072286 ], [ 139.686551803123393, 35.696148919337304 ], [ 139.686654306051537, 35.696352251555311 ], [ 139.686657781931217, 35.696359107986609 ], [ 139.686662917959438, 35.696369198379955 ], [ 139.68706933867918, 35.697174197731215 ], [ 139.6871932166938, 35.697351134847167 ], [ 139.687291555760908, 35.69749725219657 ], [ 139.68746961073407, 35.697703919100775 ], [ 139.687966278421186, 35.698256693691633 ], [ 139.688192671954425, 35.698648918612889 ], [ 139.688285720309977, 35.698818639568742 ], [ 139.68837658870882, 35.699064748039859 ], [ 139.688395746067044, 35.699205586368862 ], [ 139.688412412303137, 35.699331414113658 ], [ 139.688412412303137, 35.699581973329543 ], [ 139.688412698287607, 35.699714748337158 ], [ 139.688397418806062, 35.699912252048932 ], [ 139.688368340126999, 35.699999999800298 ], [ 139.688368340126999, 35.700000026780003 ], [ 139.688266860627323, 35.700306135320034 ], [ 139.687891310036093, 35.700968081312055 ], [ 139.687644915580563, 35.701376135200633 ], [ 139.687535745978039, 35.701606135015311 ], [ 139.687451025344672, 35.701784198082464 ], [ 139.687418521148061, 35.70191308082417 ], [ 139.687396589381251, 35.702219468154112 ], [ 139.687421336025977, 35.702597802147011 ], [ 139.687458274779715, 35.703160864982124 ], [ 139.687500506043648, 35.704009198166148 ], [ 139.687565771643222, 35.704372505386971 ], [ 139.687588559564574, 35.704499720785634 ], [ 139.687625226722957, 35.704615558861121 ], [ 139.687758002629948, 35.705035559343742 ], [ 139.687920245722921, 35.705377504968055 ], [ 139.687933306577065, 35.705515837785867 ], [ 139.687937756422457, 35.705562505405453 ], [ 139.687969416155852, 35.705695559202866 ], [ 139.688086912581184, 35.706137504942092 ], [ 139.688162192131585, 35.706421386737759 ], [ 139.68821885931311, 35.706565279164465 ], [ 139.688244136557842, 35.706620558692009 ], [ 139.68830775639799, 35.706766945838069 ], [ 139.688372191923349, 35.706914720637997 ], [ 139.688472192038262, 35.707079721052423 ], [ 139.688592749755799, 35.707237505306807 ], [ 139.688690532142573, 35.707337224833225 ], [ 139.688779974216573, 35.707411945904767 ], [ 139.688883864798754, 35.707495000094355 ], [ 139.688985811046564, 35.70755361340872 ], [ 139.689104136646733, 35.707618054329885 ], [ 139.690118612384254, 35.708116107872229 ], [ 139.690424449329043, 35.708265837798365 ], [ 139.690524060037546, 35.708333332817233 ], [ 139.690541673259759, 35.708345279411276 ], [ 139.690773060728361, 35.708470558569616 ], [ 139.691153606154217, 35.708671945553988 ], [ 139.691468885081122, 35.708903892400883 ], [ 139.691666666683545, 35.709049505230666 ], [ 139.691670272065608, 35.709052170821167 ], [ 139.692037807898714, 35.709322775026237 ], [ 139.692127523366707, 35.709356387187711 ], [ 139.69243114078472, 35.709429720605272 ], [ 139.693077523109423, 35.709631945757849 ], [ 139.693212244249821, 35.709716667290536 ], [ 139.693296693287948, 35.709795278829233 ], [ 139.6934614140132, 35.709935558679263 ], [ 139.693757249597525, 35.71018777534573 ], [ 139.693987522806083, 35.710429720855075 ], [ 139.694145031867947, 35.710654170953376 ], [ 139.694308079854181, 35.710913612773197 ], [ 139.694331141169414, 35.711039999896229 ], [ 139.694315305007535, 35.711041107860979 ], [ 139.694235577410154, 35.711047504738701 ], [ 139.694213087164371, 35.711049171182481 ], [ 139.694045576742155, 35.711062224841953 ], [ 139.692726134603618, 35.711164171089763 ], [ 139.692643086709268, 35.710920279447521 ], [ 139.69262197062767, 35.71085777476668 ], [ 139.692471414224542, 35.710922505269593 ], [ 139.691830584314175, 35.711197775157359 ], [ 139.691781698966452, 35.711218613348478 ], [ 139.691670310736413, 35.711266360154582 ], [ 139.691666666683545, 35.711267918679653 ], [ 139.69153224411798, 35.71132555892757 ], [ 139.691481971116218, 35.711158613279565 ], [ 139.69145557691354, 35.711070837649231 ], [ 139.691454189259616, 35.711066386904406 ], [ 139.691422244441242, 35.710960837972436 ], [ 139.691341970955364, 35.710693332831227 ], [ 139.691294189075734, 35.710534721200588 ], [ 139.691107756018255, 35.710525504948237 ], [ 139.691046978035843, 35.710522504809887 ], [ 139.690642802023831, 35.710666387344077 ], [ 139.690158637611262, 35.710795000289181 ], [ 139.690111140816725, 35.710807505362254 ], [ 139.690041413680433, 35.710826107838784 ], [ 139.69005891089023, 35.711160838202261 ], [ 139.690064189011309, 35.711264441001333 ], [ 139.690064746590906, 35.711276107906201 ], [ 139.690075577126322, 35.711483612978498 ], [ 139.68980308704306, 35.711483612978498 ], [ 139.689771141325309, 35.711481945635455 ], [ 139.689737807953634, 35.711480000401878 ], [ 139.688963644556679, 35.711438054222981 ], [ 139.688614188694032, 35.711391386603395 ], [ 139.688573644558232, 35.711385837786338 ], [ 139.687986134552602, 35.711307505037496 ], [ 139.687862502952271, 35.711290837902027 ], [ 139.687516394366298, 35.711212774949786 ], [ 139.687462775886615, 35.71120083824826 ], [ 139.687056667231559, 35.711109171251394 ], [ 139.68681805371034, 35.711053053555759 ], [ 139.686776394415233, 35.711043053993933 ], [ 139.686099728319959, 35.710883613188344 ], [ 139.686083891258704, 35.710879720922549 ], [ 139.686041672585247, 35.710869721360723 ], [ 139.685597781612501, 35.71076527859492 ], [ 139.685416108666686, 35.710722225350594 ], [ 139.685330829554346, 35.710702225327623 ], [ 139.685324721358938, 35.710700837673699 ], [ 139.68487749659937, 35.71058610756296 ], [ 139.684734721130667, 35.710549720993015 ], [ 139.684733332577366, 35.710549170607919 ], [ 139.684571388059339, 35.710507774814118 ], [ 139.684485006378168, 35.710485558861592 ], [ 139.684160829558778, 35.710419721293249 ], [ 139.684114967731716, 35.710410559000252 ], [ 139.68405496766286, 35.710398332717034 ], [ 139.683336912968343, 35.710252468077101 ], [ 139.683333332767234, 35.710251747720122 ], [ 139.683075811000094, 35.710199441351278 ], [ 139.682782749824241, 35.710122505249558 ], [ 139.682680245996721, 35.710217774930527 ], [ 139.682650803991578, 35.710245000106852 ], [ 139.682634422840465, 35.710260278689077 ], [ 139.682580245881809, 35.71031055888534 ], [ 139.682126082852619, 35.710676946284195 ], [ 139.681973021837621, 35.710749440634345 ], [ 139.681946355140326, 35.710761945707418 ], [ 139.68191163411484, 35.710778333153712 ], [ 139.681709688651381, 35.710874171206228 ], [ 139.681473864827126, 35.710969440887141 ], [ 139.681450245932297, 35.710973891631966 ], [ 139.681336354889027, 35.710995837787834 ], [ 139.681214423007418, 35.711019170698307 ], [ 139.680921361831565, 35.711074999711627 ], [ 139.68082858597063, 35.711094170559704 ], [ 139.680788300839595, 35.711102224887952 ], [ 139.680684967837124, 35.711123612564847 ], [ 139.680642476669163, 35.711132225372069 ], [ 139.680507756428028, 35.711160000034113 ], [ 139.680501919827861, 35.711161107998919 ], [ 139.680389416438629, 35.711211666985037 ], [ 139.680342192138596, 35.711263892414877 ], [ 139.680442749833219, 35.711316946120348 ], [ 139.680754694973416, 35.711481387156482 ], [ 139.681209415582202, 35.711756387247647 ], [ 139.681267756402008, 35.711820838061385 ], [ 139.681623606444418, 35.712214440743992 ], [ 139.68179389127522, 35.712668333077261 ], [ 139.681839170341618, 35.71305750480019 ], [ 139.68184277572368, 35.713089170828709 ], [ 139.681845837015999, 35.713114720568058 ], [ 139.681850557557368, 35.713155837572003 ], [ 139.681646394365771, 35.713246667300041 ], [ 139.681169727601059, 35.713291946366382 ], [ 139.681169727601059, 35.7135866667914 ], [ 139.681498884865846, 35.713631945857799 ], [ 139.681466394158974, 35.713887224715791 ], [ 139.681457497165979, 35.71395610828796 ], [ 139.681450272012626, 35.714013054259226 ], [ 139.681294449179632, 35.714013054259226 ], [ 139.680995006414605, 35.714012774570051 ], [ 139.680849442148201, 35.714037225337847 ], [ 139.680843333053531, 35.714038333302597 ], [ 139.680701115164538, 35.7140622246921 ], [ 139.680701387659042, 35.714085838191068 ], [ 139.68070389137165, 35.714425837682427 ], [ 139.68070444895136, 35.714493892079645 ], [ 139.680295836583809, 35.714493892079645 ], [ 139.679931945702947, 35.714228333071276 ], [ 139.679918053875213, 35.71421833261013 ], [ 139.679875837000509, 35.714187504749702 ], [ 139.6795966667529, 35.71434305418876 ], [ 139.679414162833496, 35.71451110780157 ], [ 139.679266394328806, 35.714698333161721 ], [ 139.679231945797824, 35.714791946291427 ], [ 139.679172775803181, 35.714924721299042 ], [ 139.679133333336836, 35.715033613010974 ], [ 139.679113605808425, 35.715117224780272 ], [ 139.67909389087049, 35.715240279015802 ], [ 139.679151114732349, 35.715405837909259 ], [ 139.679211673280292, 35.715580279406538 ], [ 139.679285550787768, 35.715706946218745 ], [ 139.679358885104648, 35.715691108258227 ], [ 139.67941055835081, 35.715679721042477 ], [ 139.679444449302082, 35.715672504882377 ], [ 139.679546667145132, 35.715650279037334 ], [ 139.679588910999655, 35.71598805360594 ], [ 139.679591413812886, 35.715998054067086 ], [ 139.679600855795002, 35.716033332672339 ], [ 139.679609196107663, 35.716064999600235 ], [ 139.679691141433182, 35.716373612752193 ], [ 139.679551698852038, 35.716666666733431 ], [ 139.679475305041478, 35.716827225396287 ], [ 139.679236978403992, 35.717201667123391 ], [ 139.679132529342951, 35.717671667213835 ], [ 139.679100856119817, 35.718278613367488 ], [ 139.678980310992756, 35.718273613136887 ], [ 139.678476978430012, 35.718252505149167 ], [ 139.678402802347591, 35.718249171362345 ], [ 139.678295032090205, 35.71824472061752 ], [ 139.678139468261975, 35.718412505332992 ], [ 139.678062801956912, 35.718495278934142 ], [ 139.677575032162167, 35.718957775081435 ], [ 139.677214475068126, 35.719288864989267 ], [ 139.677022529166607, 35.719431639558707 ], [ 139.676780583657205, 35.719539972791665 ], [ 139.676411141261383, 35.719662197852301 ], [ 139.676381140777153, 35.719592198221562 ], [ 139.676360025594931, 35.719543305679167 ], [ 139.676348910873685, 35.719517198360165 ], [ 139.676274747381854, 35.719344720982235 ], [ 139.675744474727935, 35.719480279391519 ], [ 139.675715031823415, 35.719712505028269 ], [ 139.67544224406447, 35.719819170918186 ], [ 139.675435304895586, 35.719548612578592 ], [ 139.675431698614148, 35.719484170758051 ], [ 139.675417807685903, 35.719248333444 ], [ 139.675282528965681, 35.719178612603059 ], [ 139.675235304665762, 35.71915417082846 ], [ 139.675230855719633, 35.719151945905764 ], [ 139.675003644702656, 35.719078559428169 ], [ 139.674999999750412, 35.719077359732523 ], [ 139.67358444886338, 35.718620279302627 ], [ 139.67351722364117, 35.718664170715044 ], [ 139.673487496550933, 35.718770558714482 ], [ 139.673462218406826, 35.718860838057424 ], [ 139.673437782028145, 35.718947504823632 ], [ 139.673721413812359, 35.719276386895899 ], [ 139.673611699220714, 35.719407775148852 ], [ 139.673494475289999, 35.719548612578592 ], [ 139.673499754310342, 35.719569440877137 ], [ 139.673517523115379, 35.719638891921477 ], [ 139.673676134745961, 35.720263053797055 ], [ 139.674343917338092, 35.720195279089012 ], [ 139.674345576587257, 35.720195000299213 ], [ 139.674348366284221, 35.720208332748541 ], [ 139.674362243722726, 35.720271386915158 ], [ 139.674374475401919, 35.72032719794197 ], [ 139.674459467630527, 35.720718585594398 ], [ 139.674574228318193, 35.721244694387281 ], [ 139.674576160961237, 35.721254693949106 ], [ 139.674596718563862, 35.72134830617955 ], [ 139.674620052373712, 35.721455532347079 ], [ 139.674622282692326, 35.721467468149285 ], [ 139.674629221861323, 35.721499135077181 ], [ 139.674999999750412, 35.721476559395853 ], [ 139.675003670782985, 35.721476332766713 ], [ 139.675559780059984, 35.72144246789577 ], [ 139.675684773233911, 35.721499135077181 ], [ 139.675724773279853, 35.721725532207699 ], [ 139.675764500831178, 35.721949413934453 ], [ 139.675707562054527, 35.722357467823031 ], [ 139.675541166791618, 35.72291219843936 ], [ 139.675336719414304, 35.723356081318286 ], [ 139.675259533300959, 35.723535252350189 ], [ 139.675185642303745, 35.723706919438939 ], [ 139.675230077806077, 35.724041639909899 ], [ 139.675360078405106, 35.724534134742669 ], [ 139.675362581218337, 35.724759973394214 ], [ 139.675363968872261, 35.724880801807728 ], [ 139.67539418879096, 35.724999972770718 ], [ 139.67539418879096, 35.724999999750366 ], [ 139.675404254003297, 35.725039694026805 ], [ 139.675453696031468, 35.725156360377923 ], [ 139.675475083708307, 35.725207198153839 ], [ 139.675505084192423, 35.725277748169731 ], [ 139.67555258098696, 35.725389972769221 ], [ 139.675566200320077, 35.725433865080959 ], [ 139.675594527165913, 35.725524693909676 ], [ 139.675623969171056, 35.725618585829238 ], [ 139.675692022668841, 35.725837468224768 ], [ 139.675798716437839, 35.726068306207537 ], [ 139.675899000738468, 35.726268864916335 ], [ 139.675919274155376, 35.726309134758935 ], [ 139.675993721832924, 35.726458306206041 ], [ 139.676199001083205, 35.726727198101855 ], [ 139.676377327651721, 35.727048306434369 ], [ 139.676433164758919, 35.727172197938728 ], [ 139.676452048723263, 35.727213865327769 ], [ 139.676483450351157, 35.72728358616871 ], [ 139.67656121922505, 35.727456080633772 ], [ 139.676833747979231, 35.728227171047251 ], [ 139.676858470342268, 35.72829966719604 ], [ 139.676872632865866, 35.728340775206789 ], [ 139.676888469927121, 35.72838772071691 ], [ 139.67691097276338, 35.728453559184572 ], [ 139.676947639022501, 35.72875966682534 ], [ 139.676958469557917, 35.728851054133031 ], [ 139.676972087991658, 35.729011612795887 ], [ 139.676979584740252, 35.729099386627581 ], [ 139.676987639068443, 35.729192441278315 ], [ 139.676994864221797, 35.72927910804458 ], [ 139.677002917650725, 35.729374386718746 ], [ 139.677015421824422, 35.729519945589175 ], [ 139.677344305695328, 35.729372721174286 ], [ 139.677474033799854, 35.729302440955053 ], [ 139.677536005182674, 35.729268505037624 ], [ 139.677942087757287, 35.729049108229901 ], [ 139.678039299973875, 35.728991054293886 ], [ 139.678076808897799, 35.728968558652241 ], [ 139.67810124527648, 35.72895410834559 ], [ 139.678121245299394, 35.728942170744745 ], [ 139.678178196666636, 35.728908000104298 ], [ 139.678377911811367, 35.728788838134562 ], [ 139.678815136109847, 35.728561333039238 ], [ 139.678890143165745, 35.728522440958045 ], [ 139.679084864375113, 35.728421054088528 ], [ 139.680056524289398, 35.727856612592745 ], [ 139.680118469591889, 35.727820504812598 ], [ 139.680169585258341, 35.727790775024403 ], [ 139.680195694375925, 35.727775775232033 ], [ 139.680642918236231, 35.727465224940318 ], [ 139.680686523664349, 35.727434666876547 ], [ 139.680720414615621, 35.727411333066755 ], [ 139.680790142651176, 35.727362721112854 ], [ 139.681232633379523, 35.727111053932163 ], [ 139.681340972907719, 35.72704938741947 ], [ 139.681349857310238, 35.727044387188869 ], [ 139.681455136445607, 35.726851053633368 ], [ 139.681483475881919, 35.726798559306246 ], [ 139.681506252112058, 35.72675661312735 ], [ 139.681591802819639, 35.726599667041171 ], [ 139.681769585298298, 35.726146333186875 ], [ 139.681792360629174, 35.726084946363358 ], [ 139.681821802634317, 35.72600636000567 ], [ 139.682096497855241, 35.725269414152308 ], [ 139.682181167227213, 35.724999999750366 ], [ 139.682181167227213, 35.724999972770718 ], [ 139.682196783055247, 35.724950251952748 ], [ 139.682251219018667, 35.724744135433696 ], [ 139.682258444172021, 35.724715802292621 ], [ 139.682288171262257, 35.724603864576864 ], [ 139.682295382925759, 35.724576080921565 ], [ 139.682457613428255, 35.724182197650464 ], [ 139.682466497830774, 35.724175252186285 ], [ 139.68253121934049, 35.724125802064293 ], [ 139.682547885576582, 35.724113027194619 ], [ 139.682699273852563, 35.723706081270791 ], [ 139.68272204918344, 35.723644413858779 ], [ 139.683292606968394, 35.723674972821925 ], [ 139.68330483774821, 35.723675801996819 ], [ 139.683333332767234, 35.723677332642978 ], [ 139.683337055960578, 35.72367753229247 ], [ 139.683522606783072, 35.723687468002424 ], [ 139.683900388592292, 35.723747747760513 ], [ 139.684151505387831, 35.723790801904158 ], [ 139.684163165098198, 35.723653306355175 ], [ 139.684166226390403, 35.723618586228952 ], [ 139.684177327621796, 35.723489693594672 ], [ 139.684323721962414, 35.723009693942402 ], [ 139.684336226136111, 35.722927198231787 ], [ 139.684331218711009, 35.722802467659903 ], [ 139.68435316486682, 35.722721080813415 ], [ 139.684406225766907, 35.722522747926632 ], [ 139.684408715989662, 35.72251386532281 ], [ 139.685081505107519, 35.72262136038762 ], [ 139.685133449948921, 35.722629694405043 ], [ 139.685194552586722, 35.722639414277694 ], [ 139.685451776678292, 35.722680532180959 ], [ 139.685742606636154, 35.722691081228561 ], [ 139.685786783133722, 35.722692467983165 ], [ 139.685830116966486, 35.722694135326265 ], [ 139.686624837966065, 35.722722748156457 ], [ 139.686649000950865, 35.722723586324605 ], [ 139.686669000973779, 35.722721640191708 ], [ 139.68687900076543, 35.722701918958535 ], [ 139.687057055738705, 35.722685251823066 ], [ 139.687196498319963, 35.722671919373738 ], [ 139.687690388900478, 35.72262553234259 ], [ 139.688040414933425, 35.72260746766068 ], [ 139.688432917745104, 35.722604413562976 ], [ 139.688479856960043, 35.722604134773178 ], [ 139.688965421617127, 35.722600532089075 ], [ 139.689015136139801, 35.722599972710725 ], [ 139.689395421661516, 35.722597198302253 ], [ 139.69025819705837, 35.722520801793735 ], [ 139.690779338895595, 35.722501693898209 ], [ 139.691070829855107, 35.72246946759202 ], [ 139.691401724610046, 35.722445864884946 ], [ 139.69165119294837, 35.722424414255499 ], [ 139.691666666683545, 35.722423198372098 ], [ 139.691670415057843, 35.722422918682923 ], [ 139.692260441366443, 35.722377171069752 ], [ 139.692822437605628, 35.722329891911158 ], [ 139.693937911705461, 35.722190774884496 ], [ 139.694221529999822, 35.722086612707187 ], [ 139.694507081836491, 35.721981613260994 ], [ 139.694934305673883, 35.721825775139564 ], [ 139.695094305857651, 35.721808838207494 ], [ 139.695598196899482, 35.721756054298623 ], [ 139.695648754986223, 35.721750504582303 ], [ 139.695726523860117, 35.721742441260801 ], [ 139.695763747698948, 35.721890775439078 ], [ 139.695783476126735, 35.721970504835099 ], [ 139.695809882919889, 35.722075505180612 ], [ 139.697138781429771, 35.722051891681645 ], [ 139.697311828977945, 35.722067720648965 ], [ 139.697350168875346, 35.722071054435787 ], [ 139.697670440838351, 35.72210022484569 ], [ 139.698123773793327, 35.722190774884496 ], [ 139.698398222600076, 35.722296054019864 ], [ 139.69843627831176, 35.722310505225778 ], [ 139.698487393078949, 35.722330224660311 ], [ 139.69861433238566, 35.722384666919027 ], [ 139.698826004916327, 35.72239661261375 ], [ 139.698972944246179, 35.722432170908121 ], [ 139.699118781007087, 35.722557171276605 ], [ 139.699371828647145, 35.722821053948621 ], [ 139.699376835172984, 35.722826332969078 ], [ 139.699454331552374, 35.722917721176032 ], [ 139.699510168659572, 35.722983838433549 ], [ 139.69952016912066, 35.723003279078227 ], [ 139.699612970162661, 35.723182720806108 ], [ 139.699619364342425, 35.723194386811656 ], [ 139.699649637321045, 35.723248278685276 ], [ 139.699786861274788, 35.723493000401788 ], [ 139.699804357585208, 35.723524107951391 ], [ 139.699816860859642, 35.72354605410726 ], [ 139.699999999700367, 35.72353741432039 ], [ 139.700003800235322, 35.723537224563415 ], [ 139.700078521306864, 35.723533837716616 ], [ 139.700483799887593, 35.723514945658394 ], [ 139.700805472994375, 35.723503278753469 ], [ 139.700845746434197, 35.723501891998865 ], [ 139.700904086354626, 35.723499667076112 ], [ 139.701020195126034, 35.723495505013716 ], [ 139.701295745602351, 35.723485775248491 ], [ 139.7013488074017, 35.723483838108791 ], [ 139.701696303641711, 35.723470774556745 ], [ 139.701767976910787, 35.723468000148273 ], [ 139.701882698028271, 35.72346383808582 ], [ 139.701989922397161, 35.72345966703017 ], [ 139.702108248896707, 35.723455225278599 ], [ 139.70265241157972, 35.723376612840582 ], [ 139.702816589114491, 35.723355225163687 ], [ 139.702877134172581, 35.723347170835439 ], [ 139.70343769059707, 35.723273838317141 ], [ 139.703727418885478, 35.723208559227771 ], [ 139.703732970400438, 35.723207441370505 ], [ 139.704351855054256, 35.723067999688624 ], [ 139.70459963716371, 35.723013559228548 ], [ 139.70453352800007, 35.722894945845212 ], [ 139.704502412356646, 35.722838838042094 ], [ 139.704430466592953, 35.722709386928841 ], [ 139.704379364416354, 35.722617171345519 ], [ 139.704321309580905, 35.722513278964811 ], [ 139.7041854732812, 35.722268559046938 ], [ 139.704156588855653, 35.722216892096071 ], [ 139.704266304346675, 35.722165504834322 ], [ 139.704321582075522, 35.722139946101777 ], [ 139.704380752070279, 35.722112171439733 ], [ 139.704469078984971, 35.722071054435787 ], [ 139.704787976783905, 35.721882999900686 ], [ 139.704957418949903, 35.721764107727552 ], [ 139.705000751883404, 35.721733838346154 ], [ 139.705029637208213, 35.721713278944833 ], [ 139.70536547283848, 35.721477721319957 ], [ 139.705077107922421, 35.720883837819031 ], [ 139.705064617238463, 35.720857720607512 ], [ 139.705046549858594, 35.720820504862559 ], [ 139.705031828856022, 35.720790505277762 ], [ 139.705209052855707, 35.720613559168612 ], [ 139.705164889847993, 35.720590774844538 ], [ 139.704992113895173, 35.720501892148775 ], [ 139.704865161997759, 35.72043633337023 ], [ 139.704899052949145, 35.720278837798276 ], [ 139.704915446690734, 35.720202170593836 ], [ 139.704960440671925, 35.719992440598844 ], [ 139.704978494562056, 35.719909107619401 ], [ 139.705011283843874, 35.719756332588815 ], [ 139.705086834989629, 35.719613837708607 ], [ 139.705147951117283, 35.719498837801268 ], [ 139.705198780799265, 35.719402720958954 ], [ 139.705396834896192, 35.719048558943996 ], [ 139.705929052783745, 35.718854387220347 ], [ 139.70593878075033, 35.718850774643727 ], [ 139.705883502122106, 35.718630504594273 ], [ 139.705812944012337, 35.71834855903893 ], [ 139.705805447263742, 35.718311333401459 ], [ 139.70574099914802, 35.717995225299546 ], [ 139.70572849497421, 35.717932720618705 ], [ 139.705658755247555, 35.717590774994449 ], [ 139.705617081563219, 35.717385775433343 ], [ 139.705610699974045, 35.717314666938478 ], [ 139.70559542229114, 35.717156891677348 ], [ 139.705584864250227, 35.717124945959654 ], [ 139.705434253887915, 35.716666666733431 ], [ 139.705434227807586, 35.716666639753782 ], [ 139.705402632825439, 35.716570531904665 ], [ 139.705376523707741, 35.716490531812781 ], [ 139.705251529634552, 35.716313585703574 ], [ 139.70491902689173, 35.716102198258 ], [ 139.704819300170698, 35.716038585612409 ], [ 139.704811530028223, 35.716033865070983 ], [ 139.704563476323528, 35.715876080816656 ], [ 139.70465513612578, 35.715369972946064 ], [ 139.70465871632689, 35.715349134754945 ], [ 139.704709274413631, 35.715069972601327 ], [ 139.704796226264989, 35.714745532280631 ], [ 139.704799000673574, 35.714735531819485 ], [ 139.704817327957471, 35.714666359565001 ], [ 139.704834837757744, 35.714601081374951 ], [ 139.704844838218833, 35.714564135426656 ], [ 139.704927886113182, 35.714543306228791 ], [ 139.705263995137443, 35.714459413870998 ], [ 139.705308170735634, 35.714448586033598 ], [ 139.705386783173708, 35.714428864800425 ], [ 139.705480660704097, 35.714137197573791 ], [ 139.705355668429547, 35.713699693586136 ], [ 139.705876783287067, 35.713439413598223 ], [ 139.706011776922196, 35.713435801920866 ], [ 139.706045382788375, 35.713434972745972 ], [ 139.706083450191272, 35.713434134577824 ], [ 139.706272607295205, 35.713429135246543 ], [ 139.706389273646209, 35.713495801989836 ], [ 139.706491504979113, 35.713554134715707 ], [ 139.707023165287069, 35.713637197898549 ], [ 139.707196497920222, 35.713753026980783 ], [ 139.7072228921229, 35.713770802081001 ], [ 139.707274552778586, 35.713805252410623 ], [ 139.707346226047662, 35.71385330588555 ], [ 139.707523995036468, 35.713833585551697 ], [ 139.707739558933667, 35.713809972952049 ], [ 139.708059274216339, 35.713822198335947 ], [ 139.708333332717302, 35.713820945580323 ], [ 139.708337055910533, 35.713820945580323 ], [ 139.708682088008118, 35.713819414034901 ], [ 139.708726524409713, 35.713763864710756 ], [ 139.708762088100116, 35.713719413919989 ], [ 139.708769027269, 35.71371053221543 ], [ 139.7087881972177, 35.713703864641786 ], [ 139.709123476167633, 35.713585531847002 ], [ 139.709150415359545, 35.713584973367972 ], [ 139.709602918240307, 35.713574972906827 ], [ 139.710019584936049, 35.713543865357281 ], [ 139.710234863748155, 35.713498305702387 ], [ 139.710327367114473, 35.713478586267911 ], [ 139.710420973049622, 35.713459134831396 ], [ 139.710537911895244, 35.713530532008633 ], [ 139.71057180284663, 35.713627198336724 ], [ 139.71059097279533, 35.71365719792152 ], [ 139.710738469704779, 35.713887468432063 ], [ 139.710915693704465, 35.714137468269712 ], [ 139.710953086615859, 35.714252225360099 ], [ 139.711020700345216, 35.714458865284598 ], [ 139.711082360562614, 35.714647721115625 ], [ 139.711286523754211, 35.714773000273908 ], [ 139.711595421991319, 35.714811054186953 ], [ 139.711606809207069, 35.714812440941557 ], [ 139.711657638889051, 35.71481883781928 ], [ 139.711915422359084, 35.714785775143582 ], [ 139.712113475556635, 35.714760225404234 ], [ 139.712320700040436, 35.714612170915132 ], [ 139.712898754574098, 35.714208000299152 ], [ 139.713286809338911, 35.713930775285235 ], [ 139.713322087944221, 35.713898837661418 ], [ 139.713543475850884, 35.713698000162765 ], [ 139.713640973152565, 35.713583279045281 ], [ 139.713765693831874, 35.713484946273411 ], [ 139.713917367192948, 35.713401613293968 ], [ 139.714270143352564, 35.713247440716998 ], [ 139.71429236110373, 35.713236333190366 ], [ 139.714412361241671, 35.713175504845822 ], [ 139.71448319094668, 35.713193279046777 ], [ 139.714628755213084, 35.713229667415362 ], [ 139.714841530312583, 35.713282721120834 ], [ 139.715068197239702, 35.713392999587427 ], [ 139.715342360961358, 35.713526891552988 ], [ 139.71547041542749, 35.713589107551456 ], [ 139.715535136037829, 35.713620775378672 ], [ 139.715694863727208, 35.713742171264357 ], [ 139.715879856969991, 35.713813278859902 ], [ 139.715887638803679, 35.713812170895153 ], [ 139.715935135598215, 35.71380577491675 ], [ 139.715996524220373, 35.713797440899327 ], [ 139.716113190571491, 35.713739108173456 ], [ 139.716135694307013, 35.713717721395881 ], [ 139.71623124457642, 35.713627171357018 ], [ 139.716349857060436, 35.713514387379234 ], [ 139.7166666666335, 35.713194252113226 ], [ 139.716670415007798, 35.713190440786377 ], [ 139.716789026592437, 35.713070505399685 ], [ 139.716825422155694, 35.713033838241188 ], [ 139.716885693819904, 35.712973000004126 ], [ 139.717132360770051, 35.712938000188728 ], [ 139.717284034131012, 35.712916332822658 ], [ 139.717454863950934, 35.712880775427607 ], [ 139.717622088388794, 35.712816332707746 ], [ 139.717917367292898, 35.712703000143506 ], [ 139.718650414585113, 35.71254661343562 ], [ 139.718719026561985, 35.712559387405975 ], [ 139.718759856682254, 35.712567171038302 ], [ 139.719115694134189, 35.71247272063971 ], [ 139.719234331799157, 35.712567171038302 ], [ 139.719244617345339, 35.71257522536655 ], [ 139.719394617068133, 35.712694667025403 ], [ 139.719593773733891, 35.712772999774302 ], [ 139.719668780789789, 35.712769387197625 ], [ 139.719746278068442, 35.712765504824347 ], [ 139.71989267240906, 35.712758559360168 ], [ 139.720013774216454, 35.712723000166477 ], [ 139.720056549570245, 35.712594945700346 ], [ 139.72010099856243, 35.712473837597713 ], [ 139.720121828659671, 35.712416333147416 ], [ 139.720163217258801, 35.71230355906215 ], [ 139.720348223092174, 35.712324667049927 ], [ 139.720397951104701, 35.712413000259914 ], [ 139.720423774237929, 35.712459387291062 ], [ 139.720436005017746, 35.712481053757813 ], [ 139.720484060291369, 35.712566892248446 ], [ 139.720556005155686, 35.712631612858786 ], [ 139.720635161683504, 35.712646054172239 ], [ 139.720714331701174, 35.712624667394664 ], [ 139.720807107562109, 35.7125363332853 ], [ 139.720824059782672, 35.712520505217299 ], [ 139.720860169361458, 35.712486053988357 ], [ 139.720917393223317, 35.712431612628961 ], [ 139.721095447297216, 35.712452720616739 ], [ 139.721679339330194, 35.712549108154974 ], [ 139.721999338798582, 35.712526613412649 ], [ 139.722094889967366, 35.712501891948932 ], [ 139.722232113921109, 35.712443559223061 ], [ 139.722340169263589, 35.712389667349441 ], [ 139.722402387060697, 35.7123479999604 ], [ 139.722509611429587, 35.712265774945706 ], [ 139.722506835222475, 35.712262720848059 ], [ 139.722469052904671, 35.712219387015239 ], [ 139.722441283638545, 35.712187720986719 ], [ 139.722269338659203, 35.711991053644397 ], [ 139.722162671870024, 35.711868837576958 ], [ 139.722103774369884, 35.711648838223482 ], [ 139.722100725668156, 35.711571332850895 ], [ 139.722114059916066, 35.711557171226616 ], [ 139.722286834969623, 35.711370224656321 ], [ 139.722510415423471, 35.711249387249609 ], [ 139.722935422431988, 35.711068558767124 ], [ 139.722969027398904, 35.711054387250329 ], [ 139.722975421578667, 35.7110516128418 ], [ 139.723012361231667, 35.711044946167476 ], [ 139.72316294371501, 35.711018559159356 ], [ 139.72320236100029, 35.710924667239794 ], [ 139.723217912077189, 35.710783559114134 ], [ 139.723231803005433, 35.710659387021281 ], [ 139.723259027282438, 35.710414107725057 ], [ 139.72350708188651, 35.710308558793145 ], [ 139.72406457791817, 35.710200224660809 ], [ 139.724145135589765, 35.710184667288729 ], [ 139.724307911980759, 35.710153000360833 ], [ 139.724999999650436, 35.709922387208564 ], [ 139.725003748024733, 35.709921135352261 ], [ 139.725023191367313, 35.709914667428109 ], [ 139.725189299746603, 35.709780225077509 ], [ 139.725212917742169, 35.709761054229432 ], [ 139.725261803089893, 35.709721612662463 ], [ 139.725361529810925, 35.709522170911612 ], [ 139.725409299999342, 35.709426892237445 ], [ 139.725664863942484, 35.709311332951813 ], [ 139.72592041529515, 35.709231054070074 ], [ 139.7259879121126, 35.709209667292498 ], [ 139.726214034050599, 35.709337999649108 ], [ 139.72634625237788, 35.709415774818297 ], [ 139.726416252008562, 35.709456613032444 ], [ 139.726457638809165, 35.709481053907666 ], [ 139.726635966276945, 35.709585774564005 ], [ 139.726707108046753, 35.709617721181075 ], [ 139.727026278340304, 35.709761612708405 ], [ 139.727296278200811, 35.709883279290068 ], [ 139.72741988282155, 35.70993883760741 ], [ 139.728003217274818, 35.709891892097289 ], [ 139.728038780965107, 35.709803000408328 ], [ 139.728092114359811, 35.70967077488649 ], [ 139.72813155592678, 35.709572171418756 ], [ 139.72816294406482, 35.709494107567195 ], [ 139.72822406019236, 35.709467720559019 ], [ 139.728398495394458, 35.709392171211903 ], [ 139.728439883094325, 35.70937438711843 ], [ 139.728500169147651, 35.709348278900109 ], [ 139.728585162275635, 35.709311612640988 ], [ 139.72904238659703, 35.709343559258002 ], [ 139.729076835128012, 35.709345775187558 ], [ 139.729114059866106, 35.709348278900109 ], [ 139.729715719804858, 35.709390225079005 ], [ 139.729801284002178, 35.709396333274299 ], [ 139.730050441175081, 35.709413558888798 ], [ 139.731163502393883, 35.709413558888798 ], [ 139.731441829077312, 35.70935327913071 ], [ 139.731578781435815, 35.709323559235031 ], [ 139.731732114046054, 35.709290504653211 ], [ 139.731844617435286, 35.709266053885472 ], [ 139.731817108073301, 35.709133838256207 ], [ 139.731778780766263, 35.708948559028954 ], [ 139.731770441352978, 35.70890883777281 ], [ 139.731654060086953, 35.708347441381477 ], [ 139.731654616767287, 35.708344945762803 ], [ 139.731657639388686, 35.708333332817233 ], [ 139.731657664569752, 35.708333278857879 ], [ 139.73166516221761, 35.708304666927006 ], [ 139.731673217445177, 35.708273278788965 ], [ 139.731684617251517, 35.708229667065666 ], [ 139.732237392741695, 35.707634108127763 ], [ 139.732421555910264, 35.707422440993014 ], [ 139.732446549868541, 35.707393838055339 ], [ 139.732522386998767, 35.707389945789544 ], [ 139.732591284060732, 35.707386054423012 ], [ 139.732656004671071, 35.70738272063619 ], [ 139.732878222652062, 35.707371053731322 ], [ 139.733212672427044, 35.70770133335003 ], [ 139.733333332667371, 35.707704640157203 ], [ 139.73333710802126, 35.707704748075855 ], [ 139.734041829367129, 35.70772410778153 ], [ 139.734108222716486, 35.707927720587975 ], [ 139.734134616919164, 35.70800910833384 ], [ 139.734200998577421, 35.708212170755246 ], [ 139.734668494955258, 35.708161054189475 ], [ 139.734754331647309, 35.708168279342772 ], [ 139.73478571978535, 35.708170774961445 ], [ 139.734904059774749, 35.708180775422591 ], [ 139.73528406021137, 35.708212440551847 ], [ 139.735385719575447, 35.708221054258388 ], [ 139.735416005144657, 35.708223558870316 ], [ 139.735434890008378, 35.708333278857879 ], [ 139.735434916088707, 35.708333332817233 ], [ 139.735467393305726, 35.708522721046904 ], [ 139.735484060441195, 35.708620775028919 ], [ 139.735581555944236, 35.708769108307877 ], [ 139.73564267207189, 35.708862440849146 ], [ 139.735762943804957, 35.709045774842821 ], [ 139.735808248951685, 35.70911466740813 ], [ 139.735852411959399, 35.709182171420252 ], [ 139.736110752109653, 35.709137720629485 ], [ 139.736453800302797, 35.709078558728663 ], [ 139.736969363645358, 35.708998838325897 ], [ 139.738527976884825, 35.708757721092127 ], [ 139.73872213961522, 35.70872772060801 ], [ 139.739743255946678, 35.70858077498292 ], [ 139.740161025211364, 35.708520774914007 ], [ 139.741465472953337, 35.708335775375872 ], [ 139.74148155642888, 35.708333332817233 ], [ 139.741481971016356, 35.708333278857879 ], [ 139.741666666583569, 35.708305306344982 ], [ 139.741670467118524, 35.708304720886304 ], [ 139.742807691322128, 35.708132441359226 ], [ 139.74305769115972, 35.708050774823562 ], [ 139.743172969856801, 35.707973837822522 ], [ 139.743249922146333, 35.707910774662707 ], [ 139.743297977419957, 35.707867440829887 ], [ 139.743369922284273, 35.707781053752797 ], [ 139.743376860553894, 35.707773279113724 ], [ 139.743403799745693, 35.707742721049897 ], [ 139.743528521324379, 35.707444945627913 ], [ 139.744250168810368, 35.705102720714137 ], [ 139.744534617179056, 35.704316332832661 ] ] ] ] } },
{ "type": "Feature", "properties": { "fid": 34508, "OBJECTID": 34508.0, "N03_001": "東京都", "N03_002": null, "N03_003": null, "N03_004": "文京区", "N03_007": "13105", "Shape_Leng": 0.20242384142519701, "Shape_Area": 0.001124167969829 }, "geometry": { "type": "MultiPolygon", "coordinates": [ [ [ [ 139.745040415682865, 35.735855440975968 ], [ 139.745145966413361, 35.735802108480698 ], [ 139.745314034415287, 35.735717386948011 ], [ 139.745496524844953, 35.735625441161346 ], [ 139.745645421998802, 35.735550171503405 ], [ 139.746007912635264, 35.735367386995506 ], [ 139.746047367692086, 35.735347386972478 ], [ 139.746618755551253, 35.735059054431986 ], [ 139.746648755136107, 35.73511433306021 ], [ 139.74667124538189, 35.735155721659396 ], [ 139.746674034179478, 35.735161000679796 ], [ 139.746769857842878, 35.735337108620854 ], [ 139.746886524193883, 35.735176558951196 ], [ 139.746916524677999, 35.73513544104793 ], [ 139.746948197001871, 35.735091838317828 ], [ 139.748106252201978, 35.733499360207475 ], [ 139.748273191554745, 35.733511305902198 ], [ 139.748383748811193, 35.733519360230446 ], [ 139.74838430639079, 35.733519360230446 ], [ 139.748541245282468, 35.733530748345515 ], [ 139.748642633051304, 35.733537973498869 ], [ 139.748812607615946, 35.733333333666565 ], [ 139.748812698447409, 35.733333251828299 ], [ 139.748855136555449, 35.733282135262471 ], [ 139.748877639391708, 35.7332549190794 ], [ 139.74919403437741, 35.732873802584095 ], [ 139.749415966373931, 35.733012414191705 ], [ 139.749444864289217, 35.733030748670274 ], [ 139.749928859629335, 35.733333251828299 ], [ 139.749929027802523, 35.733333333666565 ], [ 139.750000000499767, 35.733377694525132 ], [ 139.750004034858534, 35.733380198237739 ], [ 139.750224864286224, 35.733518225286048 ], [ 139.750249585749998, 35.733533505666912 ], [ 139.750288755721726, 35.733557946542192 ], [ 139.750314034765097, 35.733573775509512 ], [ 139.750569027638676, 35.733915999923624 ], [ 139.750190415755242, 35.734097108095227 ], [ 139.750284578370724, 35.734168505272464 ], [ 139.7503193002957, 35.734194613490786 ], [ 139.750367367260424, 35.734231278850586 ], [ 139.750648495331916, 35.734443775160287 ], [ 139.750651284129617, 35.734446000082983 ], [ 139.751049053371275, 35.73442683822816 ], [ 139.751552944412992, 35.734632387275042 ], [ 139.751723774233028, 35.734701838319324 ], [ 139.752406005333114, 35.7349357214066 ], [ 139.752490726865744, 35.734964892715766 ], [ 139.752760441641271, 35.735057387088887 ], [ 139.753424890446468, 35.735134613671676 ], [ 139.753490726216228, 35.735142387411429 ], [ 139.753537393835813, 35.735147667331148 ], [ 139.753624617282412, 35.735157946582149 ], [ 139.753805447563536, 35.735084054685558 ], [ 139.754322114374304, 35.734711000612378 ], [ 139.754345383432906, 35.734692171506651 ], [ 139.754468223629829, 35.734605440888572 ], [ 139.754937393645946, 35.734368224913794 ], [ 139.754980168999737, 35.73434655934642 ], [ 139.755930752402492, 35.733863838345655 ], [ 139.755962114460203, 35.733850171348479 ], [ 139.756044890759313, 35.733808504858757 ], [ 139.756070998977634, 35.73379517151011 ], [ 139.756389339196858, 35.733634333158136 ], [ 139.756938638807355, 35.733333333666565 ], [ 139.756938833060872, 35.733333224848593 ], [ 139.757875162209189, 35.732820171513879 ], [ 139.758333333516703, 35.732742837911815 ], [ 139.758337393056422, 35.732742135541287 ], [ 139.758395162806664, 35.732732386890291 ], [ 139.758450441434888, 35.732722946706815 ], [ 139.758554060421716, 35.732705441403141 ], [ 139.758683969289905, 35.732602946568875 ], [ 139.758724060167424, 35.732573224874614 ], [ 139.758772776442697, 35.73253889235616 ], [ 139.759104617284493, 35.732277108701794 ], [ 139.759937393096379, 35.731577946065499 ], [ 139.760073359797843, 35.731661333004297 ], [ 139.760102387215625, 35.731681559656408 ], [ 139.760135447193306, 35.731702387055691 ], [ 139.760937108261146, 35.732206000206929 ], [ 139.761006005323111, 35.732153225291256 ], [ 139.761036550796348, 35.732129613590985 ], [ 139.761062672504522, 35.732109613567957 ], [ 139.761389883636411, 35.73185822517712 ], [ 139.761418781551697, 35.731836279021252 ], [ 139.761455720305435, 35.731807667090322 ], [ 139.761852386978262, 35.731503224994015 ], [ 139.76223739304146, 35.731462387679187 ], [ 139.762508495470911, 35.731110721282903 ], [ 139.762527393824371, 35.731086559197536 ], [ 139.76278878177709, 35.730747108292576 ], [ 139.762936550281779, 35.730538774944648 ], [ 139.763023774627641, 35.730415721608438 ], [ 139.763084890755295, 35.730329613321146 ], [ 139.763150441439848, 35.730237386946044 ], [ 139.763309883144757, 35.730012667051085 ], [ 139.763331245640643, 35.729982386877793 ], [ 139.763373191819483, 35.729923224977028 ], [ 139.76376958509843, 35.729365171365714 ], [ 139.763878755600217, 35.729211279377182 ], [ 139.764016252048577, 35.728996559044106 ], [ 139.764066252555722, 35.72891877488172 ], [ 139.764216252278402, 35.728684333315471 ], [ 139.7643559664549, 35.728466558884747 ], [ 139.764360143805789, 35.728448225305499 ], [ 139.76444014299841, 35.728088505480287 ], [ 139.764456252554169, 35.728016279128155 ], [ 139.764580973233478, 35.727753505320152 ], [ 139.764595136656453, 35.727724054321811 ], [ 139.764618470466189, 35.727674891982872 ], [ 139.764657082858321, 35.727593225447151 ], [ 139.764764864806807, 35.727586000293854 ], [ 139.764803476299562, 35.727583505574501 ], [ 139.764886809279005, 35.727577945965606 ], [ 139.76496680937089, 35.727572666945207 ], [ 139.764924578106957, 35.727216000318322 ], [ 139.764671284052724, 35.726456865492139 ], [ 139.764660700830859, 35.726429892125964 ], [ 139.764522361717809, 35.726017945971591 ], [ 139.76445763930883, 35.725789332911575 ], [ 139.764449300794809, 35.725763775078349 ], [ 139.764443450704903, 35.725744053845176 ], [ 139.764296498784574, 35.725233505122333 ], [ 139.764326835615179, 35.725000000649686 ], [ 139.764326835615179, 35.724999891831715 ], [ 139.764371777435713, 35.72465350535515 ], [ 139.76434345058999, 35.724570720962163 ], [ 139.764333995117909, 35.724542946300119 ], [ 139.764321556594723, 35.724516505332645 ], [ 139.764170661147318, 35.724062946647848 ], [ 139.76361705648219, 35.722734360202708 ], [ 139.763577613116581, 35.722639081528541 ], [ 139.76343007843559, 35.722284919513584 ], [ 139.763258418541341, 35.72187325214901 ], [ 139.763521479233077, 35.721656305993918 ], [ 139.763605914781351, 35.721586586052297 ], [ 139.764206200555918, 35.721091586607599 ], [ 139.764446744022166, 35.720893802307273 ], [ 139.764488145211885, 35.72085964066008 ], [ 139.765229248631044, 35.720249360719606 ], [ 139.765363969771556, 35.720109360558695 ], [ 139.765394254441503, 35.720077694530119 ], [ 139.765433969402352, 35.720036865309226 ], [ 139.766367587993955, 35.719066306165246 ], [ 139.766533969767124, 35.718889919434389 ], [ 139.766565084511171, 35.718857414338345 ], [ 139.766599533042154, 35.718820468390049 ], [ 139.766666667432901, 35.718749278956238 ], [ 139.766670636141157, 35.718745080920939 ], [ 139.767145914352682, 35.718241305891695 ], [ 139.767272309569648, 35.71806464037104 ], [ 139.767305357856117, 35.718018252440572 ], [ 139.767324527804931, 35.717991586642597 ], [ 139.767380078028395, 35.717913802480155 ], [ 139.767530363735432, 35.717666027565258 ], [ 139.767547302466255, 35.717638252003894 ], [ 139.767566744010196, 35.71760574870649 ], [ 139.767763411352576, 35.717281586276329 ], [ 139.767786200173191, 35.717243802159885 ], [ 139.767806472690722, 35.717210467888947 ], [ 139.767841193716322, 35.717153252121079 ], [ 139.767944228143847, 35.716988802091691 ], [ 139.767964773155882, 35.716955748409248 ], [ 139.76798089530223, 35.7169301986699 ], [ 139.768145837260704, 35.716666667632751 ], [ 139.768145888522099, 35.716666586693805 ], [ 139.768678106409652, 35.715816306477507 ], [ 139.768547276635672, 35.715801306685137 ], [ 139.768502283553744, 35.715796306454536 ], [ 139.767835888615537, 35.715719918939271 ], [ 139.767803385318189, 35.715716306362594 ], [ 139.767782555220947, 35.715713802650043 ], [ 139.767588949170886, 35.715961865347992 ], [ 139.767413113724388, 35.716187414417789 ], [ 139.767066783005816, 35.716666586693805 ], [ 139.767066719153945, 35.716666667632751 ], [ 139.766981440041604, 35.716784640698791 ], [ 139.766928392631371, 35.716858252006887 ], [ 139.766873113103884, 35.716934640421471 ], [ 139.766732555363319, 35.716879919372957 ], [ 139.766693385391591, 35.71686491958053 ], [ 139.766670610060828, 35.716855973124837 ], [ 139.766666667432901, 35.716854414599709 ], [ 139.76664394336342, 35.716845468144015 ], [ 139.766431167364658, 35.716762694542865 ], [ 139.766183969814506, 35.716666667632751 ], [ 139.766183722500955, 35.716666586693805 ], [ 139.765997004358496, 35.716594081551762 ], [ 139.765974773117478, 35.716617135672436 ], [ 139.765927562307297, 35.716666586693805 ], [ 139.765927471475834, 35.716666667632751 ], [ 139.765028949826387, 35.717607414250949 ], [ 139.764904501641581, 35.717527693848183 ], [ 139.764509494217918, 35.71727519839186 ], [ 139.764515616802441, 35.717192413998873 ], [ 139.764519780663477, 35.717133802483147 ], [ 139.764713113319658, 35.716934640421471 ], [ 139.764794773560084, 35.716920198208754 ], [ 139.765113943853635, 35.716863252237488 ], [ 139.765314864089873, 35.716666667632751 ], [ 139.765314942330861, 35.716666586693805 ], [ 139.765488392775296, 35.716496864838632 ], [ 139.765659780174929, 35.716043252194481 ], [ 139.766013113014878, 35.715430748230631 ], [ 139.766055888368783, 35.715142694479937 ], [ 139.766031167804385, 35.714968802468434 ], [ 139.76597866448401, 35.7145985326963 ], [ 139.765970337661088, 35.714540748556885 ], [ 139.765617250336049, 35.714069640501691 ], [ 139.765681971845652, 35.71358519819853 ], [ 139.76603752331323, 35.713480468548937 ], [ 139.766094475579735, 35.713463802312788 ], [ 139.766666667432901, 35.713295360192888 ], [ 139.766670583980499, 35.71329422524849 ], [ 139.766814475507772, 35.713251865381437 ], [ 139.76722308697606, 35.713131586453699 ], [ 139.767380311852094, 35.713067694118934 ], [ 139.767629754110089, 35.712966027560299 ], [ 139.767636978364067, 35.712882135202562 ], [ 139.767642802373643, 35.712816586316592 ], [ 139.767661699827727, 35.712599640161443 ], [ 139.767640311251512, 35.711369640096962 ], [ 139.767354189244656, 35.711338802344017 ], [ 139.766943087553614, 35.711294360546447 ], [ 139.766912801984404, 35.711291027658945 ], [ 139.766859196095197, 35.711195198599682 ], [ 139.767400856864242, 35.711142973169842 ], [ 139.767467523607479, 35.711109360109049 ], [ 139.76753002648968, 35.711077694080473 ], [ 139.767641141325839, 35.71102186506721 ], [ 139.76764863807432, 35.711017973700677 ], [ 139.767997808851987, 35.710992694657307 ], [ 139.768056135282563, 35.710988252006416 ], [ 139.768127250072666, 35.710983252675135 ], [ 139.768180026787036, 35.71097936040934 ], [ 139.768198080677053, 35.710775748502158 ], [ 139.768227250187579, 35.710450198418073 ], [ 139.768082529485355, 35.710452135557773 ], [ 139.768026420782917, 35.710452414347628 ], [ 139.767631971838227, 35.710457414578173 ], [ 139.766688366275275, 35.710469081483097 ], [ 139.766670583980499, 35.710469333293247 ], [ 139.766668638746864, 35.710469360272896 ], [ 139.766666667432901, 35.710394081621757 ], [ 139.766664475785092, 35.71030936008907 ], [ 139.766651388850732, 35.709822135283503 ], [ 139.766633333161963, 35.709154640474424 ], [ 139.76662306110552, 35.708763802307772 ], [ 139.766621673451596, 35.708707973294509 ], [ 139.766666667432901, 35.708708386982664 ], [ 139.766670558799433, 35.708708413962313 ], [ 139.766871946683182, 35.708710198217261 ], [ 139.767375006751308, 35.708714360279657 ], [ 139.767766667797673, 35.708786306043351 ], [ 139.768229728719234, 35.70881853234954 ], [ 139.768686939550776, 35.708850198378116 ], [ 139.769117782259968, 35.708674639922833 ], [ 139.76922722435711, 35.708669640591609 ], [ 139.769709170142278, 35.708648252015394 ], [ 139.769759728229019, 35.708659640130463 ], [ 139.769884721402946, 35.708687694481682 ], [ 139.769886667535843, 35.708688252061336 ], [ 139.7700144755878, 35.708716864891585 ], [ 139.770638080782987, 35.708856865052439 ], [ 139.770692244251904, 35.70886908144314 ], [ 139.770734475515837, 35.70887853241851 ], [ 139.771236420424657, 35.708991306503776 ], [ 139.771292218860935, 35.708333333716553 ], [ 139.771292244042002, 35.70833325187823 ], [ 139.771295305334206, 35.708297135104885 ], [ 139.771408638797766, 35.708302973503578 ], [ 139.771453645369661, 35.708305468222932 ], [ 139.771986498178535, 35.70833325187823 ], [ 139.771988249158539, 35.708333333716553 ], [ 139.772215577087422, 35.708345198472273 ], [ 139.772219948691827, 35.708333333716553 ], [ 139.772220000852485, 35.70833325187823 ], [ 139.772288366415182, 35.708148252340152 ], [ 139.77233085668388, 35.708033801918589 ], [ 139.772331141768973, 35.708032973642958 ], [ 139.772401698979365, 35.707842135706187 ], [ 139.772372218303417, 35.707219640274332 ], [ 139.772259442419454, 35.707230198315187 ], [ 139.772143891227756, 35.707241305841762 ], [ 139.771645837685469, 35.707288252251203 ], [ 139.77158138867037, 35.707294360446554 ], [ 139.771553606813654, 35.707297134855082 ], [ 139.770831946737076, 35.707365198245441 ], [ 139.770742503763699, 35.707373802059465 ], [ 139.770163333171467, 35.707428532101233 ], [ 139.770162776491134, 35.707391306463762 ], [ 139.77016221801216, 35.707324919409643 ], [ 139.770161388837209, 35.707272693979803 ], [ 139.770152776029931, 35.706562973302766 ], [ 139.770151946855094, 35.706490747849898 ], [ 139.770151946855094, 35.706474360403604 ], [ 139.77014472170174, 35.705888532130245 ], [ 139.770144449207123, 35.705857973167099 ], [ 139.770143891627527, 35.705819359875704 ], [ 139.77013861260707, 35.705351586506652 ], [ 139.770134449645298, 35.705260198299698 ], [ 139.77013306109211, 35.705224081526296 ], [ 139.770131388353093, 35.705191586322826 ], [ 139.770109144521598, 35.70469130605909 ], [ 139.770104968069973, 35.704594081252026 ], [ 139.770101634283151, 35.704519360180484 ], [ 139.770089416093811, 35.704188802671297 ], [ 139.769988859298564, 35.703763532161418 ], [ 139.76998108915609, 35.703731305855229 ], [ 139.769967756706819, 35.703674640472457 ], [ 139.769894968278322, 35.70336686548859 ], [ 139.769689416533538, 35.703377973015222 ], [ 139.769572750182419, 35.703384360000371 ], [ 139.769334968534167, 35.703397134870045 ], [ 139.769137471117574, 35.703407694709483 ], [ 139.769096913491921, 35.703409919632236 ], [ 139.769058859578877, 35.703412135561791 ], [ 139.76878941639859, 35.703426585868385 ], [ 139.768751920065256, 35.70342853200134 ], [ 139.768484423017867, 35.703443252104591 ], [ 139.768440246520299, 35.70344546803409 ], [ 139.768376355084911, 35.703449081510087 ], [ 139.768212750418229, 35.703457694317308 ], [ 139.768060804562651, 35.703466027435411 ], [ 139.768067198742415, 35.703337972969223 ], [ 139.768069416470553, 35.703296027689703 ], [ 139.768080246106706, 35.703082135632201 ], [ 139.768086641185732, 35.702952413823027 ], [ 139.768097198327268, 35.70274297340967 ], [ 139.767877471468296, 35.702737973179069 ], [ 139.767843580517024, 35.702599919151112 ], [ 139.766772996077066, 35.702646027392404 ], [ 139.766670506638775, 35.702408081168187 ], [ 139.766666667432901, 35.702399171584659 ], [ 139.766562166211202, 35.702156586657338 ], [ 139.766542438682791, 35.702110468523472 ], [ 139.766401051767275, 35.701782413827516 ], [ 139.766666667432901, 35.701602838100655 ], [ 139.766670506638775, 35.701600225570132 ], [ 139.76682994834357, 35.701492413943924 ], [ 139.767156057806005, 35.701163252182482 ], [ 139.767202996121569, 35.701116026983243 ], [ 139.767303281321574, 35.701014640113726 ], [ 139.767449948156809, 35.701170748031757 ], [ 139.767866887347168, 35.700968531872434 ], [ 139.767697717675674, 35.700738801854413 ], [ 139.767790506127085, 35.700669640391766 ], [ 139.768498275275306, 35.700141586365305 ], [ 139.768429442065326, 35.700000000699617 ], [ 139.768429415984883, 35.699999918861351 ], [ 139.768386887045381, 35.699912413926938 ], [ 139.768335772278192, 35.699807414480745 ], [ 139.768284112521997, 35.699700748590828 ], [ 139.76755958540673, 35.699999918861351 ], [ 139.767559390253837, 35.700000000699617 ], [ 139.767483554022988, 35.700031306100072 ], [ 139.767336329608156, 35.700064080992718 ], [ 139.767316057090511, 35.700068532636863 ], [ 139.767286615085368, 35.700075198411866 ], [ 139.767111608813821, 35.700114081499805 ], [ 139.766849663281505, 35.700000000699617 ], [ 139.766849494208941, 35.699999918861351 ], [ 139.766670506638775, 35.699921945841311 ], [ 139.766666667432901, 35.699920279397531 ], [ 139.766557445669719, 35.699872694469434 ], [ 139.766419390742499, 35.699812694400464 ], [ 139.766381894409051, 35.69979630605485 ], [ 139.766224384447924, 35.699727694077978 ], [ 139.766219390512674, 35.699725468255906 ], [ 139.766022996564175, 35.699639919346964 ], [ 139.765632438086755, 35.699738252118834 ], [ 139.764595162736782, 35.699999918861351 ], [ 139.764594864161836, 35.700000000699617 ], [ 139.764561025371222, 35.700008532567892 ], [ 139.763604916533836, 35.700283532659057 ], [ 139.763456589550174, 35.700326306214208 ], [ 139.762911310808477, 35.700633532611619 ], [ 139.762248560822627, 35.701257973276995 ], [ 139.761819948432048, 35.701459360261424 ], [ 139.76130019514801, 35.701586586451981 ], [ 139.760652140084403, 35.701636586059749 ], [ 139.758487691354048, 35.701660198659397 ], [ 139.758337134051658, 35.701667000232021 ], [ 139.758333333516703, 35.701667198082873 ], [ 139.75762214064946, 35.701699360537248 ], [ 139.757197691220654, 35.701718532284588 ], [ 139.755893256069044, 35.701998802402954 ], [ 139.755602140126825, 35.702059108241428 ], [ 139.755326589650622, 35.702116054212695 ], [ 139.754123800373236, 35.702365224875393 ], [ 139.752833800239841, 35.702505225036248 ], [ 139.750812672866687, 35.702657170891882 ], [ 139.75053099980596, 35.70272466770939 ], [ 139.750325162076706, 35.702773838142264 ], [ 139.750003774055131, 35.702911224873276 ], [ 139.750000000499767, 35.702912838257021 ], [ 139.749723502138067, 35.703031054140013 ], [ 139.749064060757973, 35.703124387580601 ], [ 139.748017665383145, 35.703159387395999 ], [ 139.746770726587897, 35.703124387580601 ], [ 139.746711829087872, 35.703171333090722 ], [ 139.74670849530105, 35.703173838601913 ], [ 139.746467665850332, 35.703119108560202 ], [ 139.746008223800686, 35.703009667362437 ], [ 139.745992387638807, 35.702998279247367 ], [ 139.745984889990837, 35.702993000226968 ], [ 139.74587044136797, 35.702911054002129 ], [ 139.745832387454925, 35.702960225334323 ], [ 139.745763774578677, 35.70304855944363 ], [ 139.745749053576105, 35.703067441609335 ], [ 139.745711284748154, 35.703087170936328 ], [ 139.745512672172254, 35.703191054323838 ], [ 139.745503217599548, 35.70319438721134 ], [ 139.745230999111527, 35.703292441193355 ], [ 139.745060169291605, 35.703422440893121 ], [ 139.745053774212465, 35.703427441123665 ], [ 139.744994617707675, 35.703472441400208 ], [ 139.744849611020868, 35.70362022519339 ], [ 139.744622387413415, 35.704073837837484 ], [ 139.744534617179056, 35.704316332832661 ], [ 139.744250169709744, 35.705102721613457 ], [ 139.743528521324379, 35.707444946527232 ], [ 139.743403800645069, 35.707742721049897 ], [ 139.743376861453157, 35.707773279113724 ], [ 139.743369922284273, 35.707781054652116 ], [ 139.743297977419957, 35.707867440829887 ], [ 139.743249922146333, 35.707910775562027 ], [ 139.743172970756177, 35.707973837822522 ], [ 139.74305769115972, 35.708050774823562 ], [ 139.742807691322128, 35.708132441359226 ], [ 139.741670467118524, 35.708304720886304 ], [ 139.741666667482946, 35.708305306344982 ], [ 139.741481971016356, 35.708333278857879 ], [ 139.74148155642888, 35.708333333716553 ], [ 139.741465473852713, 35.708335775375872 ], [ 139.740161025211364, 35.708520774914007 ], [ 139.739743256846054, 35.70858077498292 ], [ 139.738722140514597, 35.70872772150733 ], [ 139.738527977784088, 35.708757721092127 ], [ 139.736969364544734, 35.708998838325897 ], [ 139.736453800302797, 35.709078559627983 ], [ 139.736110752109653, 35.709137721528805 ], [ 139.735852412858776, 35.709182171420252 ], [ 139.735808249851061, 35.70911466740813 ], [ 139.735762944704334, 35.709045774842821 ], [ 139.73564267207189, 35.708862440849146 ], [ 139.735581556843499, 35.708769108307877 ], [ 139.735484060441195, 35.708620775028919 ], [ 139.735467393305726, 35.708522721046904 ], [ 139.735434916088707, 35.708333333716553 ], [ 139.735434890008378, 35.708333278857879 ], [ 139.735416005144657, 35.708223558870316 ], [ 139.735385720474824, 35.708221054258388 ], [ 139.73528406021137, 35.708212441451167 ], [ 139.734904060674012, 35.708180775422591 ], [ 139.734785720684613, 35.708170774961445 ], [ 139.734754332546572, 35.708168279342772 ], [ 139.734668495854635, 35.708161054189475 ], [ 139.734200999476684, 35.708212171654566 ], [ 139.73413461781854, 35.70800910833384 ], [ 139.734108223615749, 35.707927721487295 ], [ 139.734041829367129, 35.70772410868085 ], [ 139.73333710802126, 35.707704748075855 ], [ 139.733333333566634, 35.707704640157203 ], [ 139.733212672427044, 35.70770133335003 ], [ 139.732878223551324, 35.707371054630642 ], [ 139.732656005570334, 35.70738272153551 ], [ 139.732591284060732, 35.707386054423012 ], [ 139.732522386998767, 35.707389946688863 ], [ 139.732446550767918, 35.707393838055339 ], [ 139.732421556809527, 35.707422440993014 ], [ 139.732237393640958, 35.707634108127763 ], [ 139.731684617251517, 35.708229667065666 ], [ 139.731673217445177, 35.708273279688285 ], [ 139.73166516221761, 35.708304666927006 ], [ 139.731657665469015, 35.708333278857879 ], [ 139.731657639388686, 35.708333333716553 ], [ 139.731654617666663, 35.708344946662123 ], [ 139.731654060086953, 35.708347441381477 ], [ 139.731770441352978, 35.70890883867213 ], [ 139.731778781665639, 35.708948559028954 ], [ 139.731817108073301, 35.709133838256207 ], [ 139.731844617435286, 35.709266053885472 ], [ 139.731732114046054, 35.709290505552531 ], [ 139.731578781435815, 35.709323559235031 ], [ 139.731441829077312, 35.70935327913071 ], [ 139.731163502393883, 35.709413558888798 ], [ 139.730050441175081, 35.709413558888798 ], [ 139.729801284002178, 35.709396333274299 ], [ 139.729715720704121, 35.709390225079005 ], [ 139.729114060765482, 35.709348278900109 ], [ 139.729076835128012, 35.709345775187558 ], [ 139.729042387496406, 35.709343559258002 ], [ 139.728585162275635, 35.709311613540308 ], [ 139.728500169147651, 35.709348278900109 ], [ 139.728439883094325, 35.70937438711843 ], [ 139.728398495394458, 35.709392171211903 ], [ 139.72822406019236, 35.709467721458338 ], [ 139.72816294406482, 35.709494108466515 ], [ 139.728131556826042, 35.709572171418756 ], [ 139.728092114359811, 35.70967077488649 ], [ 139.728038781864484, 35.709803000408328 ], [ 139.728003217274818, 35.709891892097289 ], [ 139.727419883720813, 35.70993883850673 ], [ 139.727296278200811, 35.709883279290068 ], [ 139.727026278340304, 35.709761613607725 ], [ 139.726707108046753, 35.709617721181075 ], [ 139.726635966276945, 35.709585775463324 ], [ 139.726457639708428, 35.709481053907666 ], [ 139.726416252008562, 35.709456613032444 ], [ 139.72634625237788, 35.709415775717616 ], [ 139.726214034050599, 35.709338000548428 ], [ 139.7259879121126, 35.709209667292498 ], [ 139.72592041529515, 35.709231054070074 ], [ 139.72566486484186, 35.709311332951813 ], [ 139.725409299999342, 35.709426892237445 ], [ 139.725361530710302, 35.709522170911612 ], [ 139.725261803089893, 35.709721613561783 ], [ 139.725212918641432, 35.709761054229432 ], [ 139.725189300645866, 35.709780225077509 ], [ 139.725023191367313, 35.709914667428109 ], [ 139.725003748024733, 35.709921135352261 ], [ 139.725000000549812, 35.709922387208564 ], [ 139.724307911980759, 35.710153000360833 ], [ 139.724145136489028, 35.710184667288729 ], [ 139.724064578817433, 35.710200225560129 ], [ 139.723507082785773, 35.710308559692464 ], [ 139.723259027282438, 35.710414108624377 ], [ 139.723231803005433, 35.710659387021281 ], [ 139.723217912077189, 35.710783559114134 ], [ 139.72320236100029, 35.710924667239794 ], [ 139.723162944614387, 35.711018559159356 ], [ 139.723012361231667, 35.711044946167476 ], [ 139.72297542247793, 35.7110516128418 ], [ 139.722969027398904, 35.711054387250329 ], [ 139.722935422431988, 35.711068559666444 ], [ 139.722510415423471, 35.711249387249609 ], [ 139.722286834969623, 35.71137022555564 ], [ 139.722114060815443, 35.711557171226616 ], [ 139.722100726567419, 35.711571332850895 ], [ 139.722103774369884, 35.711648838223482 ], [ 139.722162672769286, 35.711868838476278 ], [ 139.722269339558579, 35.711991054543716 ], [ 139.722441284537808, 35.712187720986719 ], [ 139.722469053803934, 35.712219387015239 ], [ 139.722506835222475, 35.712262720848059 ], [ 139.722509611429587, 35.712265774945706 ], [ 139.722549338981025, 35.712317171200652 ], [ 139.722646278702996, 35.712442441365738 ], [ 139.722608495485815, 35.71250383808183 ], [ 139.722392114104991, 35.712650504917008 ], [ 139.721758495858126, 35.712986613041949 ], [ 139.721529053623158, 35.713110775242228 ], [ 139.721317393682966, 35.713225505352966 ], [ 139.720772114042006, 35.713566054330101 ], [ 139.720401556486877, 35.71372717147193 ], [ 139.720364617733139, 35.713743000439308 ], [ 139.720320726320665, 35.713762171287328 ], [ 139.719807108211626, 35.713985775123604 ], [ 139.719430999141423, 35.714082721140812 ], [ 139.719389339846316, 35.714093279181668 ], [ 139.719354617022191, 35.714102441474665 ], [ 139.719195720306402, 35.714143279688756 ], [ 139.71847238749092, 35.714294387376242 ], [ 139.718057951113678, 35.714337441519888 ], [ 139.717879883549926, 35.714401332955333 ], [ 139.717851556704204, 35.714411333416479 ], [ 139.717789339806359, 35.714433838051377 ], [ 139.717613502561221, 35.714496892217994 ], [ 139.717477108681805, 35.714621612897304 ], [ 139.71747294482077, 35.714788278856133 ], [ 139.717590726331082, 35.715234387557132 ], [ 139.717795162017296, 35.715892441283302 ], [ 139.717815447125417, 35.71605105471258 ], [ 139.717829364133991, 35.716471333085735 ], [ 139.717902698450985, 35.716551054387821 ], [ 139.71800871682899, 35.716666613673453 ], [ 139.718008755499795, 35.716666667632751 ], [ 139.718057134529317, 35.71671938768975 ], [ 139.718130195452318, 35.716798838295915 ], [ 139.718148521836952, 35.716818559529088 ], [ 139.718186031660252, 35.716859386951285 ], [ 139.718149364501755, 35.717032441694016 ], [ 139.718107419222179, 35.717229108137019 ], [ 139.718101025042415, 35.717240775041887 ], [ 139.718022412604455, 35.717382721335696 ], [ 139.718317419013829, 35.717757171156677 ], [ 139.718903800370299, 35.717510505105906 ], [ 139.718999079044465, 35.717450774833537 ], [ 139.719023256418382, 35.717500775340682 ], [ 139.719128521164521, 35.717718559663979 ], [ 139.719313800391774, 35.718009946302118 ], [ 139.71936713468574, 35.718099108687056 ], [ 139.719383528427329, 35.718126613552556 ], [ 139.719428521509258, 35.718201054035603 ], [ 139.719461582386316, 35.71825633356309 ], [ 139.71948131081399, 35.718289108455735 ], [ 139.719532698075682, 35.718374946047106 ], [ 139.719627977649225, 35.718391613182575 ], [ 139.719766589256892, 35.718395224859933 ], [ 139.720319390827399, 35.718409108593676 ], [ 139.720836057638166, 35.718519387060212 ], [ 139.720897717855564, 35.718532441619061 ], [ 139.720955162051268, 35.71853569446688 ], [ 139.721281608759455, 35.718554667464105 ], [ 139.721701894327111, 35.718815505031671 ], [ 139.721799948309126, 35.718906613549564 ], [ 139.72186077845231, 35.71896300014248 ], [ 139.72196883379479, 35.718893558990715 ], [ 139.721999948538951, 35.718873279278569 ], [ 139.722033554405243, 35.718851613711195 ], [ 139.722212996133067, 35.718736333215361 ], [ 139.722241336468642, 35.718741333445962 ], [ 139.722283281748219, 35.718749108085035 ], [ 139.722327173160693, 35.71875717140648 ], [ 139.722462724375418, 35.718781613181079 ], [ 139.72261438424664, 35.718869108222918 ], [ 139.722724112328137, 35.718974667047405 ], [ 139.722804112420022, 35.719166054470008 ], [ 139.722837717386938, 35.719246613040923 ], [ 139.722946329409751, 35.71937383833216 ], [ 139.723081051449526, 35.719491613547291 ], [ 139.723209948580461, 35.719586892221457 ], [ 139.723541051078769, 35.719711054421794 ], [ 139.724107445002801, 35.719873838007402 ], [ 139.724444384101275, 35.71994744122162 ], [ 139.724605253030177, 35.719982721625456 ], [ 139.724724695588407, 35.720008837937712 ], [ 139.724651634665406, 35.720121054443268 ], [ 139.724348586518204, 35.720553559099642 ], [ 139.724191634136787, 35.720833838211206 ], [ 139.723888585989584, 35.721428279291843 ], [ 139.72387469506134, 35.721507720904754 ], [ 139.723883022783411, 35.721596613493091 ], [ 139.723910804640127, 35.72171522507773 ], [ 139.724044968200928, 35.721950225122953 ], [ 139.723641362359217, 35.722289667034659 ], [ 139.723454422983423, 35.722404108463024 ], [ 139.723405525045109, 35.722521054503204 ], [ 139.723391634116751, 35.722675775666687 ], [ 139.723389974867587, 35.722696054479513 ], [ 139.723371920078193, 35.722896333499136 ], [ 139.723345524976139, 35.723017721290944 ], [ 139.723339416780846, 35.723045225257124 ], [ 139.723329144724403, 35.723092721152341 ], [ 139.723296355442585, 35.723243000564196 ], [ 139.723279144217258, 35.723321613002213 ], [ 139.723198054147019, 35.723693837900441 ], [ 139.723171388349101, 35.723956892296883 ], [ 139.723138340062519, 35.724283802155924 ], [ 139.723124721628778, 35.724417135642454 ], [ 139.723024449019249, 35.72466991888183 ], [ 139.722846939035207, 35.724979360309419 ], [ 139.722835058091619, 35.724999919710683 ], [ 139.722835006830223, 35.725000000649686 ], [ 139.722827497491153, 35.725012973370212 ], [ 139.722811115440777, 35.72504186499026 ], [ 139.722749728617259, 35.725148802475417 ], [ 139.722895279393811, 35.725202973138892 ], [ 139.723560830767951, 35.725340468687818 ], [ 139.723946667804626, 35.725426306279189 ], [ 139.723987497025519, 35.725435468572186 ], [ 139.724016939030662, 35.725441865449909 ], [ 139.724368885116178, 35.725520198198751 ], [ 139.724294449129729, 35.725818252410591 ], [ 139.725000000549812, 35.725981559401589 ], [ 139.725003917097297, 35.725982441636518 ], [ 139.725165863414077, 35.726019919084138 ], [ 139.72533919604723, 35.726136026956226 ], [ 139.725259754434319, 35.726317694506179 ], [ 139.725036977974355, 35.72630046799236 ], [ 139.725003917097297, 35.726350198702846 ], [ 139.725000000549812, 35.726356054188727 ], [ 139.724977807979599, 35.726389360580697 ], [ 139.724936420279732, 35.726451305883245 ], [ 139.724913917443473, 35.726485198633156 ], [ 139.724812802169254, 35.726637135495594 ], [ 139.725000000549812, 35.726651748579513 ], [ 139.725003917097297, 35.726652054349017 ], [ 139.725122529581199, 35.726661306574215 ], [ 139.725166420094411, 35.726664640361037 ], [ 139.725244475852037, 35.726670748556387 ], [ 139.725508080633631, 35.726648252015366 ], [ 139.725621414097191, 35.726692414123761 ], [ 139.725666693163589, 35.726709919427378 ], [ 139.725711414650277, 35.72672713514936 ], [ 139.725839754201502, 35.726777135656448 ], [ 139.726103358982982, 35.726659360441317 ], [ 139.726202529023681, 35.726578801870403 ], [ 139.726487250786136, 35.727051586261837 ], [ 139.726649196203653, 35.726995197870224 ], [ 139.726748080259881, 35.726961027229777 ], [ 139.727099468765687, 35.726838802169141 ], [ 139.727603087312787, 35.726554640684299 ], [ 139.727647250320501, 35.726529640430726 ], [ 139.727665577604512, 35.726519360280406 ], [ 139.727690856647882, 35.726505748141903 ], [ 139.727930584429146, 35.72637602723205 ], [ 139.728689468344442, 35.725966027210575 ], [ 139.729161971248118, 35.72571574858307 ], [ 139.729173087768004, 35.72572769427785 ], [ 139.729178638383587, 35.725733252088105 ], [ 139.729374475651753, 35.725941306646178 ], [ 139.729390026728538, 35.725957694092472 ], [ 139.729515304987558, 35.726022414702868 ], [ 139.729515577482061, 35.726022694391986 ], [ 139.729620584122813, 35.726076865055461 ], [ 139.729726420837778, 35.726131586103975 ], [ 139.729835032860706, 35.726240748511884 ], [ 139.729877523129403, 35.726283252270434 ], [ 139.730161414817644, 35.725999360582193 ], [ 139.730388638425097, 35.725711027142381 ], [ 139.730437808857914, 35.725648802150658 ], [ 139.730579196672807, 35.725469640111953 ], [ 139.730597250562823, 35.725412135661713 ], [ 139.730601414423859, 35.72539935989272 ], [ 139.730624189754735, 35.72532686554257 ], [ 139.73065085645203, 35.725242694394979 ], [ 139.730727302423247, 35.725000000649686 ], [ 139.730727328503576, 35.724999919710683 ], [ 139.730770026515643, 35.72486436040208 ], [ 139.730900311300502, 35.7248626939583 ], [ 139.730995577384192, 35.724795467836714 ], [ 139.73111891130884, 35.724532135549794 ], [ 139.731127250722238, 35.72449241429365 ], [ 139.731152529765609, 35.724369640646557 ], [ 139.731399468310997, 35.724251865431427 ], [ 139.731694475619747, 35.724251865431427 ], [ 139.731967250788216, 35.724104360428043 ], [ 139.732186693461358, 35.724175468023589 ], [ 139.732212244099969, 35.724183802041011 ], [ 139.732246693530215, 35.724195198249959 ], [ 139.732421414716669, 35.724251865431427 ], [ 139.73241752335025, 35.724347694490689 ], [ 139.732416135696326, 35.724383802270836 ], [ 139.732404189102226, 35.724677973210078 ], [ 139.732521971511915, 35.724661027284753 ], [ 139.732645305436677, 35.724702973463593 ], [ 139.732921140998087, 35.724796586593357 ], [ 139.7328366937586, 35.724987134948492 ], [ 139.732859948428086, 35.724999919710683 ], [ 139.732860078829731, 35.725000000649686 ], [ 139.732887250046701, 35.72501491950311 ], [ 139.732910830270725, 35.725000000649686 ], [ 139.732910947182631, 35.724999919710683 ], [ 139.733034747855527, 35.724921586062521 ], [ 139.73315352851273, 35.724999919710683 ], [ 139.733153645424522, 35.725000000649686 ], [ 139.733175863175688, 35.725014640713255 ], [ 139.73320863806839, 35.72503658596986 ], [ 139.733333333566634, 35.725118999842152 ], [ 139.733337250114232, 35.725121586292346 ], [ 139.733587808430798, 35.725287135293229 ], [ 139.733622529456397, 35.725310198407101 ], [ 139.733807250204563, 35.725432135684684 ], [ 139.733971971829192, 35.725503531962602 ], [ 139.734010026641613, 35.725519919408896 ], [ 139.734042555120027, 35.725537108151173 ], [ 139.734147808174953, 35.725579640688011 ], [ 139.734346355100342, 35.725194225433313 ], [ 139.734362802801343, 35.725173801829669 ], [ 139.734388911019551, 35.725152135362919 ], [ 139.734488638639959, 35.725069081173331 ], [ 139.734770311700686, 35.725174639997817 ], [ 139.734805305220789, 35.72518769455661 ], [ 139.734838301346713, 35.725201640343585 ], [ 139.735033645786302, 35.725273252458805 ], [ 139.735143359478684, 35.725316026913276 ], [ 139.735221971017381, 35.725346865565541 ], [ 139.735300584354718, 35.725341305956647 ], [ 139.735320855972873, 35.725324081241524 ], [ 139.735418366764407, 35.725240468572906 ], [ 139.735649754232895, 35.725244081149583 ], [ 139.735743359268781, 35.725245467904188 ], [ 139.735777328461154, 35.725249838609329 ], [ 139.736017250495934, 35.725292694002803 ], [ 139.736038638172772, 35.725296306579423 ], [ 139.735571634623398, 35.726033801918561 ], [ 139.735553671564844, 35.726061865263034 ], [ 139.735536835356811, 35.726086558847783 ], [ 139.735480610641844, 35.726177414656149 ], [ 139.735616161856569, 35.726224081376415 ], [ 139.735657562146912, 35.726238251993891 ], [ 139.735822555366781, 35.726295197965158 ], [ 139.736066161024723, 35.726411586425741 ], [ 139.736119222824072, 35.726437135265769 ], [ 139.736327834062422, 35.726536865584023 ], [ 139.736983671859093, 35.726766586608846 ], [ 139.737219780768442, 35.726851306342894 ], [ 139.737271440524751, 35.726865198170515 ], [ 139.73739005210939, 35.726896586308555 ], [ 139.737276446151213, 35.727101027390688 ], [ 139.736811167501514, 35.72712353202553 ], [ 139.736788106186282, 35.72725963992059 ], [ 139.737253671719714, 35.727372973384206 ], [ 139.737164773735458, 35.727495747930561 ], [ 139.737146329539655, 35.727518613193638 ], [ 139.737034501541189, 35.72767602692727 ], [ 139.736927834751896, 35.727832973013449 ], [ 139.736893943800624, 35.727906306431066 ], [ 139.736916446636883, 35.728147414671639 ], [ 139.736868392262636, 35.728389919559334 ], [ 139.736425357444432, 35.728855198208976 ], [ 139.735968418208131, 35.729354080926271 ], [ 139.736148275422806, 35.729504747945953 ], [ 139.736172866484821, 35.729526864973025 ], [ 139.736513139370118, 35.729814639933863 ], [ 139.736807860694398, 35.730022694491936 ], [ 139.736833696418103, 35.730040748382009 ], [ 139.736863061081635, 35.730061027194836 ], [ 139.736894527460663, 35.730083802525655 ], [ 139.73729185513514, 35.730381973649344 ], [ 139.737320921223727, 35.730403532197442 ], [ 139.737345642687387, 35.730423252531239 ], [ 139.737809805278516, 35.730797694258342 ], [ 139.737810921337086, 35.730798532426491 ], [ 139.737832581508655, 35.730816026938271 ], [ 139.737867302534141, 35.730843802499635 ], [ 139.738060921174792, 35.73099991941092 ], [ 139.73831077802015, 35.731191721420998 ], [ 139.738333696343147, 35.731209359824277 ], [ 139.738354254845149, 35.731225468480773 ], [ 139.738806498721146, 35.731572694024749 ], [ 139.738870661751776, 35.731621865356942 ], [ 139.739085382984172, 35.731846586151221 ], [ 139.739327328493573, 35.731692135683659 ], [ 139.739360117775391, 35.731671306485794 ], [ 139.739515940608385, 35.731571864849855 ], [ 139.739835110002559, 35.731290467880967 ], [ 139.740110947362496, 35.731048252574965 ], [ 139.740135383741176, 35.731026586108214 ], [ 139.74017204910092, 35.73099464039052 ], [ 139.740537328535083, 35.730673801854664 ], [ 139.740556472403455, 35.730654919688959 ], [ 139.740616199977808, 35.730596586063768 ], [ 139.740857302822405, 35.730360198364622 ], [ 139.740983139560399, 35.730442972865092 ], [ 139.741007302545199, 35.730458801832413 ], [ 139.741055642004426, 35.730490748449427 ], [ 139.741121219668685, 35.730533531897152 ], [ 139.741452049672489, 35.730711585971108 ], [ 139.741485668129258, 35.730729639861181 ], [ 139.741576783841651, 35.730816306627389 ], [ 139.741587056797357, 35.730826306189272 ], [ 139.741666667482946, 35.730902333076358 ], [ 139.741670661372154, 35.730906135410009 ], [ 139.741799830997593, 35.731029360516743 ], [ 139.741670661372154, 35.731162973692449 ], [ 139.741666667482946, 35.731167080896228 ], [ 139.741590389684916, 35.731246026982717 ], [ 139.741567886848657, 35.73126935989319 ], [ 139.74153788636454, 35.731300198545512 ], [ 139.74147066114233, 35.731369919386452 ], [ 139.741542891991003, 35.731423251881722 ], [ 139.741553165846085, 35.731430748630316 ], [ 139.741666667482946, 35.73151430644026 ], [ 139.741670661372154, 35.731517252619255 ], [ 139.742507056055956, 35.732132973458135 ], [ 139.742584553334609, 35.732190198219257 ], [ 139.742719559560214, 35.732289360166021 ], [ 139.743410661572966, 35.732834919496099 ], [ 139.743526226254517, 35.732890748509419 ], [ 139.743219559235399, 35.733106306111324 ], [ 139.743321803158892, 35.733254080911252 ], [ 139.743191777378797, 35.733333251828299 ], [ 139.743191608306233, 35.733333333666565 ], [ 139.743127912023738, 35.733372134916237 ], [ 139.742912918296724, 35.73350325247327 ], [ 139.742625966215542, 35.733614919493107 ], [ 139.742545694528303, 35.733692135284002 ], [ 139.742447082067315, 35.733787135168313 ], [ 139.742564305998144, 35.733912973704946 ], [ 139.74266486459203, 35.734030468331639 ], [ 139.742819300670362, 35.734210748227611 ], [ 139.742871530596858, 35.734271865254527 ], [ 139.743023191367342, 35.73444880237048 ], [ 139.74312180382833, 35.734564081067674 ], [ 139.743209857349257, 35.734614081574762 ], [ 139.743392918848258, 35.734579360549219 ], [ 139.743655422859661, 35.734529919420424 ], [ 139.743813476011269, 35.734524919189823 ], [ 139.743989300665817, 35.734667973448381 ], [ 139.74409569406123, 35.734832972963488 ], [ 139.744243476055772, 35.735125198669152 ], [ 139.744350700424661, 35.735337414390301 ], [ 139.744448755305939, 35.735531306424832 ], [ 139.744561803684519, 35.735755171064454 ], [ 139.744617638993077, 35.735833225023498 ], [ 139.74471374864072, 35.735831559479038 ], [ 139.744820143834772, 35.735809053944877 ], [ 139.744965966206564, 35.735848225715188 ], [ 139.745040415682865, 35.735855440975968 ] ] ] ] } },
{ "type": "Feature", "properties": { "fid": 34509, "OBJECTID": 34509.0, "N03_001": "東京都", "N03_002": null, "N03_003": null, "N03_004": "台東区", "N03_007": "13106", "Shape_Leng": 0.173043845789845, "Shape_Area": 0.001006625089809 }, "geometry": { "type": "MultiPolygon", "coordinates": [ [ [ [ 139.766666667432901, 35.713295360192888 ], [ 139.766094474680472, 35.713463802312788 ], [ 139.76603752331323, 35.713480467649617 ], [ 139.765681970946389, 35.71358519819853 ], [ 139.765617250336049, 35.714069639602371 ], [ 139.765970336761825, 35.714540747657566 ], [ 139.765978663584633, 35.71459853179698 ], [ 139.766031166905009, 35.714968801569114 ], [ 139.766055888368783, 35.715142693580617 ], [ 139.766013113014878, 35.715430748230631 ], [ 139.765659780174929, 35.716043252194481 ], [ 139.76548839187592, 35.716496864838632 ], [ 139.765314942330861, 35.716666585794485 ], [ 139.765314864089873, 35.716666666733431 ], [ 139.765113942954258, 35.716863252237488 ], [ 139.764794772660821, 35.716920198208754 ], [ 139.764713113319658, 35.716934640421471 ], [ 139.764519779764214, 35.717133801583827 ], [ 139.764515615903179, 35.717192413998873 ], [ 139.764509494217918, 35.71727519839186 ], [ 139.764904500742318, 35.717527693848183 ], [ 139.765028948927011, 35.717607414250949 ], [ 139.765927470576457, 35.716666666733431 ], [ 139.765927562307297, 35.716666585794485 ], [ 139.765974773117478, 35.716617134773117 ], [ 139.765997004358496, 35.716594080652442 ], [ 139.766183721601692, 35.716666585794485 ], [ 139.766183968915243, 35.716666666733431 ], [ 139.766431167364658, 35.716762693643545 ], [ 139.76664394336342, 35.716845468144015 ], [ 139.766666667432901, 35.716854413700389 ], [ 139.766670610060828, 35.716855973124837 ], [ 139.766693385391591, 35.71686491868121 ], [ 139.766732555363319, 35.716879919372957 ], [ 139.766873113103884, 35.716934640421471 ], [ 139.766928391732108, 35.716858252006887 ], [ 139.766981440041604, 35.716784639799471 ], [ 139.767066719153945, 35.716666666733431 ], [ 139.767066783005816, 35.716666585794485 ], [ 139.767413112825125, 35.716187414417789 ], [ 139.767588949170886, 35.715961865347992 ], [ 139.767782555220947, 35.715713801750724 ], [ 139.767803385318189, 35.715716306362594 ], [ 139.767835887716274, 35.715719918939271 ], [ 139.768502282654367, 35.715796305555216 ], [ 139.76854727573641, 35.715801305785817 ], [ 139.768678106409652, 35.715816305578187 ], [ 139.768145887622836, 35.716666585794485 ], [ 139.768145837260704, 35.716666666733431 ], [ 139.76798089530223, 35.71693019777058 ], [ 139.767964773155882, 35.716955748409248 ], [ 139.767944228143847, 35.716988802091691 ], [ 139.767841192816945, 35.717153252121079 ], [ 139.767806471791459, 35.717210467888947 ], [ 139.767786200173191, 35.717243802159885 ], [ 139.767763411352576, 35.717281586276329 ], [ 139.767566744010196, 35.71760574780717 ], [ 139.767547301566879, 35.717638252003894 ], [ 139.767530362836169, 35.717666026665938 ], [ 139.767380078028395, 35.717913801580835 ], [ 139.767324526905554, 35.717991585743277 ], [ 139.767305356956854, 35.718018252440572 ], [ 139.767272308670272, 35.71806464037104 ], [ 139.767145914352682, 35.718241305891695 ], [ 139.766670636141157, 35.718745080920939 ], [ 139.766666667432901, 35.718749278956238 ], [ 139.766599533042154, 35.718820468390049 ], [ 139.766565083611908, 35.718857414338345 ], [ 139.766533968867748, 35.718889919434389 ], [ 139.766367587993955, 35.719066306165246 ], [ 139.765433969402352, 35.720036865309226 ], [ 139.765394254441503, 35.720077693630799 ], [ 139.765363968872293, 35.720109359659375 ], [ 139.765229247731781, 35.720249359820286 ], [ 139.764488145211885, 35.720859639760704 ], [ 139.764446744022166, 35.720893802307273 ], [ 139.764206199656542, 35.72109158570828 ], [ 139.763605913881975, 35.721586586052297 ], [ 139.763521479233077, 35.721656305993918 ], [ 139.763258417642078, 35.72187325214901 ], [ 139.76343007843559, 35.722284918614264 ], [ 139.763577613116581, 35.722639080629222 ], [ 139.763617055582813, 35.722734360202708 ], [ 139.764170661147318, 35.724062945748528 ], [ 139.76432155569546, 35.724516505332645 ], [ 139.764333995117909, 35.724542946300119 ], [ 139.764343449690614, 35.724570720962163 ], [ 139.764371777435713, 35.72465350535515 ], [ 139.764326834715803, 35.724999891831715 ], [ 139.764326834715803, 35.724999999750366 ], [ 139.764296497885198, 35.725233505122333 ], [ 139.764443449805526, 35.725744053845176 ], [ 139.764449299895432, 35.725763775078349 ], [ 139.76445763930883, 35.725789332911575 ], [ 139.764522360818432, 35.726017945971591 ], [ 139.764660699931483, 35.726429892125964 ], [ 139.764671284052724, 35.726456864592819 ], [ 139.764924578106957, 35.727216000318322 ], [ 139.76496680937089, 35.727572666945207 ], [ 139.764886809279005, 35.727577945965606 ], [ 139.764803476299562, 35.727583504675181 ], [ 139.764764863907544, 35.727586000293854 ], [ 139.764657081958944, 35.727593225447151 ], [ 139.764618469566926, 35.727674891982872 ], [ 139.764595135757077, 35.727724054321811 ], [ 139.764580973233478, 35.727753505320152 ], [ 139.764456251654906, 35.728016279128155 ], [ 139.76444014299841, 35.728088504580967 ], [ 139.764360142906412, 35.728448225305499 ], [ 139.764355965555524, 35.728466558884747 ], [ 139.764216252278402, 35.728684333315471 ], [ 139.764066251656345, 35.72891877488172 ], [ 139.764016252048577, 35.728996559044106 ], [ 139.763878754700954, 35.729211279377182 ], [ 139.76376958509843, 35.729365171365714 ], [ 139.76337319092022, 35.729923224977028 ], [ 139.76333124474138, 35.729982386877793 ], [ 139.763309883144757, 35.730012667051085 ], [ 139.763150441439848, 35.730237386946044 ], [ 139.763084889855918, 35.730329613321146 ], [ 139.763023773728378, 35.730415720709118 ], [ 139.762936550281779, 35.730538774944648 ], [ 139.762788780877713, 35.730747108292576 ], [ 139.762840169038782, 35.730801000166196 ], [ 139.762870726203232, 35.73083294588389 ], [ 139.762988495123182, 35.730956278909332 ], [ 139.763214060380733, 35.731192666608422 ], [ 139.763232386765367, 35.731185170759204 ], [ 139.763357665024387, 35.731134612672406 ], [ 139.763859339237342, 35.730931838034053 ], [ 139.763987392804097, 35.730879892293387 ], [ 139.764246005448967, 35.73062905428759 ], [ 139.76426739312592, 35.730608504778843 ], [ 139.764445719694436, 35.730435171246313 ], [ 139.764748222852404, 35.7301418375759 ], [ 139.764782672282649, 35.730079054105204 ], [ 139.765103501825365, 35.729496000240374 ], [ 139.765130726102257, 35.729445999733286 ], [ 139.765140725664082, 35.729428224633011 ], [ 139.76526596615156, 35.729200170951287 ], [ 139.765473475720455, 35.728774892347587 ], [ 139.765522087674412, 35.728695171045501 ], [ 139.765572633170677, 35.728611838066058 ], [ 139.765855693885328, 35.728146838206158 ], [ 139.765890973389901, 35.728088504580967 ], [ 139.765971245077026, 35.727956838437535 ], [ 139.766017366808228, 35.727716559371856 ], [ 139.766025422035796, 35.727674613193017 ], [ 139.766034306438314, 35.727629333227299 ], [ 139.766052917908041, 35.727531558934459 ], [ 139.766581245328439, 35.727521278784138 ], [ 139.766587367013585, 35.727434333228075 ], [ 139.766628197133741, 35.727431837609402 ], [ 139.766666667432901, 35.727429359977123 ], [ 139.766670699993028, 35.727429081187324 ], [ 139.766720972994676, 35.727425721320174 ], [ 139.767235136092836, 35.727393225217327 ], [ 139.768165694291497, 35.727475171442165 ], [ 139.768239300203732, 35.727582667406352 ], [ 139.768273191155004, 35.727631837839226 ], [ 139.768281529669025, 35.727644333019725 ], [ 139.768376251662858, 35.727782666736857 ], [ 139.768847950572649, 35.727898774608946 ], [ 139.769294890247124, 35.728008505388402 ], [ 139.769772113692284, 35.728126000015038 ], [ 139.770152114128905, 35.727981279312758 ], [ 139.770162672169818, 35.727977108257107 ], [ 139.770449610761148, 35.727867667059343 ], [ 139.770460726381543, 35.727863504996947 ], [ 139.770837950611053, 35.727719892259358 ], [ 139.771433502354398, 35.727492945643121 ], [ 139.772069339228779, 35.727250721343864 ], [ 139.772738495085605, 35.726995440687176 ], [ 139.773367951270075, 35.726755720999904 ], [ 139.773511555913728, 35.726700721161535 ], [ 139.77354961072615, 35.726686278948762 ], [ 139.77427544725424, 35.726434054188417 ], [ 139.774338222631059, 35.726412386822346 ], [ 139.774850168900343, 35.726234613336885 ], [ 139.774883502272019, 35.726223225221815 ], [ 139.774919610951429, 35.726210441358944 ], [ 139.774999999550573, 35.726182585757897 ], [ 139.775004059989556, 35.726181171124324 ], [ 139.775174332229881, 35.726122108148957 ], [ 139.775519883236257, 35.725828224992767 ], [ 139.775545162279627, 35.725806559425337 ], [ 139.775582387017721, 35.725774891598121 ], [ 139.775824331627746, 35.725569332658722 ], [ 139.776375720363376, 35.72518877464239 ], [ 139.776436549607297, 35.725146838356068 ], [ 139.776502113781703, 35.725101559289669 ], [ 139.776649416437635, 35.724999999750366 ], [ 139.776649584610823, 35.724999891831715 ], [ 139.77674267163718, 35.724935720707094 ], [ 139.776891283705936, 35.724934054263372 ], [ 139.777174890309084, 35.72493072137587 ], [ 139.77740099875723, 35.724927946068021 ], [ 139.777507107966812, 35.724926838103272 ], [ 139.777794616728329, 35.724884891924376 ], [ 139.777967392681262, 35.724859891670803 ], [ 139.77818516171601, 35.724828224742964 ], [ 139.778261828920449, 35.724816838426534 ], [ 139.778760440941824, 35.724744333284491 ], [ 139.778944616700869, 35.724717386898078 ], [ 139.779124890301659, 35.724691278679757 ], [ 139.779902114091442, 35.724631559199281 ], [ 139.779947950737551, 35.724627945723284 ], [ 139.779989610931921, 35.724624891625638 ], [ 139.780167665005933, 35.72461099979796 ], [ 139.780461283761383, 35.724612386552565 ], [ 139.781140440978788, 35.724616000028561 ], [ 139.781179339355162, 35.72461627881836 ], [ 139.78145544741119, 35.724617667371604 ], [ 139.781459052793252, 35.724683225250828 ], [ 139.781460726431533, 35.724716000143474 ], [ 139.781462671665167, 35.72475127874867 ], [ 139.781475836840627, 35.724999891831715 ], [ 139.781475836840627, 35.724999999750366 ], [ 139.78148016887485, 35.725081838056553 ], [ 139.781702671940934, 35.725290441201082 ], [ 139.781831283986776, 35.725317107898377 ], [ 139.78186182856075, 35.7253235047761 ], [ 139.781913216721705, 35.725334053823701 ], [ 139.782222944133764, 35.725398224948265 ], [ 139.782224331787688, 35.725512946065749 ], [ 139.782225161861902, 35.725586837962396 ], [ 139.782231556041665, 35.726127666858531 ], [ 139.782297392710689, 35.726255440736168 ], [ 139.782677134142659, 35.726517945646833 ], [ 139.783045745564891, 35.726672387121141 ], [ 139.783104915559534, 35.726697107685538 ], [ 139.783255187776831, 35.726760170845353 ], [ 139.783333332567395, 35.726846081281792 ], [ 139.78333741908682, 35.726850559006266 ], [ 139.783772412167309, 35.727328775302908 ], [ 139.783813255777318, 35.727373504883531 ], [ 139.783850195430318, 35.727414333205104 ], [ 139.783850752110652, 35.727414891684077 ], [ 139.784264358413566, 35.727718504605491 ], [ 139.784337134251473, 35.727772107796682 ], [ 139.784389921757679, 35.727810721088076 ], [ 139.784457134389413, 35.727860171210125 ], [ 139.784694085963451, 35.727834053998549 ], [ 139.784754357627662, 35.727827667013401 ], [ 139.784801581927695, 35.727822387093681 ], [ 139.785454358432048, 35.727750721019106 ], [ 139.785485745670826, 35.727747387232284 ], [ 139.785528249429376, 35.727742666690858 ], [ 139.785992140425151, 35.727691837908139 ], [ 139.786792412040313, 35.727934054113462 ], [ 139.786825187832278, 35.727935440868066 ], [ 139.78690630398296, 35.727938774654888 ], [ 139.787758248844284, 35.727974612638434 ], [ 139.787825473167231, 35.727999333202831 ], [ 139.787864358053866, 35.728013775415548 ], [ 139.787893255969152, 35.728024332557084 ], [ 139.788528560444888, 35.728258775022596 ], [ 139.788721051335642, 35.728358775137508 ], [ 139.788749663266572, 35.728373774929935 ], [ 139.788789389918634, 35.728394333431936 ], [ 139.788858832868982, 35.728430441212083 ], [ 139.789461336371801, 35.728743225419691 ], [ 139.789538560256574, 35.728845440564783 ], [ 139.789556886641208, 35.728869892231899 ], [ 139.789586614630707, 35.728909054109749 ], [ 139.789725498732992, 35.729093225372196 ], [ 139.789886328991088, 35.729289053647051 ], [ 139.789925498962816, 35.729337108021298 ], [ 139.79010022014927, 35.729549892113994 ], [ 139.790393553819627, 35.729907387016453 ], [ 139.790466614742627, 35.729996278705471 ], [ 139.79056771742637, 35.730119612630176 ], [ 139.79060383869637, 35.730181837621899 ], [ 139.790756887120779, 35.730445170808139 ], [ 139.790895227133205, 35.730683504640183 ], [ 139.791205810699807, 35.731218225340967 ], [ 139.791311362329679, 35.731191000164699 ], [ 139.79136552489922, 35.731177108337022 ], [ 139.791406083424135, 35.73116655928942 ], [ 139.79166666738297, 35.731099333167833 ], [ 139.791670804264413, 35.731098252182733 ], [ 139.792003864586832, 35.731012359732802 ], [ 139.792119144183289, 35.730982360147948 ], [ 139.792353021874646, 35.730922081289179 ], [ 139.792200804423715, 35.730559305567681 ], [ 139.792397198372214, 35.730381252393045 ], [ 139.792428301425161, 35.730353198041826 ], [ 139.792452750394318, 35.730330694306247 ], [ 139.792686887090326, 35.730118467793204 ], [ 139.793059974438393, 35.730267080761337 ], [ 139.793067197793107, 35.730269865062382 ], [ 139.793144422577257, 35.73026764013963 ], [ 139.793176083209801, 35.730266801971482 ], [ 139.794243580277225, 35.730236252001589 ], [ 139.794274968415266, 35.730235135043586 ], [ 139.794333022351225, 35.730233748289038 ], [ 139.794435811263838, 35.730230694191334 ], [ 139.794456912956321, 35.729892360244378 ], [ 139.794949689276905, 35.729875414319054 ], [ 139.794957756195686, 35.729813747806361 ], [ 139.794963021726289, 35.72977153183092 ], [ 139.794967470672418, 35.729737918770127 ], [ 139.79501302223332, 35.72938346807274 ], [ 139.795018858833487, 35.729338467796197 ], [ 139.795021920125691, 35.729312918956225 ], [ 139.795065771967984, 35.728971531810885 ], [ 139.79569552492876, 35.729001532295058 ], [ 139.795783580248212, 35.729005973147309 ], [ 139.797709143862107, 35.729098197723829 ], [ 139.797758029209831, 35.729100694241822 ], [ 139.79780968896614, 35.729103197954373 ], [ 139.7978705316998, 35.729106252052077 ], [ 139.799202749607389, 35.729160413722298 ], [ 139.799335524615003, 35.729165973331192 ], [ 139.800000000399905, 35.729193080696291 ], [ 139.800004137281235, 35.729193251567494 ], [ 139.800860531988178, 35.729228198322858 ], [ 139.800893580274646, 35.729229585976782 ], [ 139.800944695041835, 35.72923180190628 ], [ 139.801430532193535, 35.729251801929308 ], [ 139.801761088803346, 35.729227639843884 ], [ 139.801812750358295, 35.729223747578033 ], [ 139.802125253078088, 35.729200973146533 ], [ 139.802699143750715, 35.729124027152295 ], [ 139.80273747105764, 35.729119026921694 ], [ 139.80280496787509, 35.729109864628697 ], [ 139.805376108920427, 35.728766251661341 ], [ 139.805446393636316, 35.728757081274466 ], [ 139.805522775755662, 35.728746802023466 ], [ 139.806510271831712, 35.728614865184056 ], [ 139.806639856944003, 35.72859553155871 ], [ 139.806811776742279, 35.728569837927864 ], [ 139.808333333416726, 35.728342000083387 ], [ 139.808337497277876, 35.72834138674574 ], [ 139.80885389069465, 35.728264027063346 ], [ 139.809718612224401, 35.728134585842611 ], [ 139.809709441837413, 35.72793708123146 ], [ 139.80965722360213, 35.726829864706644 ], [ 139.809533865395792, 35.725627918993439 ], [ 139.809440310721925, 35.724999999750366 ], [ 139.80944027205112, 35.724999864852066 ], [ 139.809341361914448, 35.724335972727147 ], [ 139.809079416382133, 35.722971532110705 ], [ 139.808570777819341, 35.720852919127083 ], [ 139.808430506063132, 35.720370973341915 ], [ 139.808337445117218, 35.720193440874766 ], [ 139.808333333416726, 35.720185613175659 ], [ 139.807867173431532, 35.71929625202057 ], [ 139.807320025898662, 35.718360558693007 ], [ 139.806644448882366, 35.717431693917717 ], [ 139.805863384987447, 35.716666666733431 ], [ 139.805863256384328, 35.716666531835131 ], [ 139.803220336849222, 35.714077837822117 ], [ 139.801424227945972, 35.712318612813874 ], [ 139.800646303584244, 35.711791387063045 ], [ 139.800004033859295, 35.71115441434489 ], [ 139.800000000399905, 35.711150441140092 ], [ 139.799397496897086, 35.710552945961865 ], [ 139.797494578212422, 35.708333332817233 ], [ 139.797494474790369, 35.708333224898581 ], [ 139.797022827141973, 35.707783080824697 ], [ 139.795167301829679, 35.704660721015614 ], [ 139.795004227763116, 35.704402108370743 ], [ 139.794837561804229, 35.704137946009553 ], [ 139.7947792218838, 35.704022386723921 ], [ 139.794114500583873, 35.702707666925448 ], [ 139.793482555076025, 35.70122266679283 ], [ 139.793318365850041, 35.700964612626933 ], [ 139.792704475131586, 35.699999999800298 ], [ 139.792704384300123, 35.699999891881646 ], [ 139.792550584042374, 35.6997582251621 ], [ 139.792011141001581, 35.699007945960091 ], [ 139.791670583930454, 35.698610639869287 ], [ 139.79166666738297, 35.698606081205867 ], [ 139.791295837333223, 35.698173504603744 ], [ 139.789992502951804, 35.696750440780363 ], [ 139.789954720634, 35.696709332769672 ], [ 139.789826667067246, 35.696516558592464 ], [ 139.78979861181665, 35.696474053934594 ], [ 139.789501115184521, 35.696025721210219 ], [ 139.789154695433012, 35.695304332728938 ], [ 139.788915252736956, 35.69470377535913 ], [ 139.787382477019833, 35.695184053801199 ], [ 139.785892476656613, 35.695650999793997 ], [ 139.785485811321337, 35.695778504774353 ], [ 139.785465811298309, 35.695784891759502 ], [ 139.784588301409144, 35.696059891850666 ], [ 139.783405810729732, 35.696449053681022 ], [ 139.783337197853598, 35.696458775352369 ], [ 139.783333332567395, 35.696459332932022 ], [ 139.782543306928233, 35.696571305721363 ], [ 139.782554695043359, 35.696696864568821 ], [ 139.782560245658942, 35.696755198194012 ], [ 139.782561634212243, 35.696770197986439 ], [ 139.782570803699855, 35.696873252198998 ], [ 139.782574695066273, 35.696913801730716 ], [ 139.782608586017659, 35.697283252220473 ], [ 139.782615525186543, 35.697361837678841 ], [ 139.782632192322012, 35.69754238737147 ], [ 139.782648300978508, 35.697718505204989 ], [ 139.78265247743002, 35.697765721411088 ], [ 139.782660804252941, 35.69785544137568 ], [ 139.782351361925976, 35.697881000108225 ], [ 139.782309144151895, 35.697884639664551 ], [ 139.782267755552652, 35.697887972552053 ], [ 139.781783865433226, 35.69792825228717 ], [ 139.78174830084356, 35.697931306384874 ], [ 139.781703580256249, 35.697934918961494 ], [ 139.78126442331461, 35.697971306430816 ], [ 139.78118525329694, 35.697977973105139 ], [ 139.780709415707179, 35.698017134982933 ], [ 139.78031024622112, 35.698050468354609 ], [ 139.780195525103522, 35.698059919329978 ], [ 139.78007635503991, 35.698069640101949 ], [ 139.779977470983681, 35.698077973220052 ], [ 139.780090245968267, 35.698687972572031 ], [ 139.780102476748084, 35.698753802046497 ], [ 139.780332283208509, 35.699999918861351 ], [ 139.780332309288838, 35.699999999800298 ], [ 139.780342477023851, 35.700055198388839 ], [ 139.780368612221878, 35.700196305615179 ], [ 139.780384163298663, 35.700281027147867 ], [ 139.780393606180155, 35.700331306444809 ], [ 139.780180271702307, 35.700347414201985 ], [ 139.780088611900055, 35.700354080876309 ], [ 139.779151089351444, 35.700425468160972 ], [ 139.77911330703364, 35.700428251562698 ], [ 139.779050531656935, 35.700432973003444 ], [ 139.778721634296176, 35.700457973257016 ], [ 139.778435253284442, 35.700479639723767 ], [ 139.776946913069764, 35.700592694397471 ], [ 139.77688608292658, 35.700597414039578 ], [ 139.776644137417179, 35.700615747618826 ], [ 139.77628635473161, 35.700745748217855 ], [ 139.776149415863074, 35.70079574782568 ], [ 139.775837470722877, 35.70090908128924 ], [ 139.775756082977068, 35.700938802084238 ], [ 139.775626354872543, 35.700986027283477 ], [ 139.775613580002869, 35.700990468135785 ], [ 139.77546024559399, 35.701046306142302 ], [ 139.77536386525037, 35.701081305957644 ], [ 139.775103307371865, 35.701176027052156 ], [ 139.775003864836663, 35.701212440601807 ], [ 139.774999999550573, 35.701213838148306 ], [ 139.774714695027342, 35.70131769365679 ], [ 139.774673022242382, 35.701332694348537 ], [ 139.774598028676223, 35.701359918625485 ], [ 139.774581089046251, 35.701366026820835 ], [ 139.774481919904815, 35.701402134600983 ], [ 139.77424525341587, 35.701487973091673 ], [ 139.77375386474921, 35.701666585644602 ], [ 139.773548858892923, 35.701741305816768 ], [ 139.773265810768748, 35.701844081239528 ], [ 139.773170532094582, 35.701878802265071 ], [ 139.773529416449605, 35.702728252407098 ], [ 139.773614694662569, 35.702929359702352 ], [ 139.773661362282269, 35.703039918757383 ], [ 139.773376641419077, 35.70306630576556 ], [ 139.773325524853249, 35.703071027206306 ], [ 139.773296912922319, 35.703073531818177 ], [ 139.772906355344162, 35.703109639598381 ], [ 139.772866082803603, 35.703113531864176 ], [ 139.772793580359576, 35.70312019763918 ], [ 139.772865837288691, 35.703702135445383 ], [ 139.77286972775596, 35.703732973198328 ], [ 139.772874720791947, 35.703771305901228 ], [ 139.772947496629854, 35.704358802416948 ], [ 139.772957223697063, 35.704436585680071 ], [ 139.773023061265462, 35.704965747671281 ], [ 139.773029441955373, 35.705017413722828 ], [ 139.773035837034399, 35.705067693919091 ], [ 139.773039169921958, 35.705095467681872 ], [ 139.772894720814861, 35.705108252444063 ], [ 139.772678885322534, 35.705127414298886 ], [ 139.772637224228674, 35.705131026875563 ], [ 139.771814448877876, 35.705203532017549 ], [ 139.771390271943687, 35.705241026552301 ], [ 139.771346667414946, 35.705244918818096 ], [ 139.771289727738917, 35.705249919048697 ], [ 139.770435005771105, 35.705325468395813 ], [ 139.770371387729483, 35.705331027105387 ], [ 139.770335550645314, 35.705334081203034 ], [ 139.770208339743249, 35.705345468418784 ], [ 139.770138611707694, 35.705351585607332 ], [ 139.77014389072815, 35.705819359875704 ], [ 139.770144449207123, 35.705857973167099 ], [ 139.770144720802364, 35.705888532130245 ], [ 139.770151945955718, 35.706474360403604 ], [ 139.770151945955718, 35.706490747849898 ], [ 139.770152776029931, 35.706562973302766 ], [ 139.770161387937833, 35.707272693979803 ], [ 139.77016221801216, 35.707324919409643 ], [ 139.770162775591757, 35.707391305564443 ], [ 139.770163333171467, 35.707428532101233 ], [ 139.770742502864437, 35.707373802059465 ], [ 139.770831945837813, 35.707365198245441 ], [ 139.771553605914391, 35.707297134855082 ], [ 139.771581387770993, 35.707294360446554 ], [ 139.771645836786092, 35.707288252251203 ], [ 139.772143891227756, 35.707241305841762 ], [ 139.772259442419454, 35.707230198315187 ], [ 139.772372218303417, 35.707219640274332 ], [ 139.772401698979365, 35.707842134806867 ], [ 139.772331140869596, 35.708032972743638 ], [ 139.772330855784503, 35.708033801918589 ], [ 139.772288366415182, 35.708148252340152 ], [ 139.772219999953222, 35.70833325187823 ], [ 139.772219947792564, 35.708333332817233 ], [ 139.772215577087422, 35.708345197572953 ], [ 139.771988249158539, 35.708333332817233 ], [ 139.771986498178535, 35.70833325187823 ], [ 139.771453645369661, 35.708305468222932 ], [ 139.771408637898503, 35.708302972604258 ], [ 139.771295305334206, 35.708297135104885 ], [ 139.771292244042002, 35.70833325187823 ], [ 139.771292217961673, 35.708333332817233 ], [ 139.771236420424657, 35.708991305604457 ], [ 139.770734474616461, 35.70887853241851 ], [ 139.770692244251904, 35.70886908144314 ], [ 139.770638079883611, 35.708856865052439 ], [ 139.770014474688423, 35.708716864891585 ], [ 139.76988666663658, 35.708688252061336 ], [ 139.769884721402946, 35.708687693582362 ], [ 139.769759728229019, 35.708659640130463 ], [ 139.769709170142278, 35.708648252015394 ], [ 139.76922722435711, 35.708669639692289 ], [ 139.769117782259968, 35.708674639922833 ], [ 139.768686938651513, 35.708850198378116 ], [ 139.768229727819858, 35.70881853234954 ], [ 139.767766666898297, 35.708786306043351 ], [ 139.767375005852045, 35.708714360279657 ], [ 139.766871945783805, 35.708710198217261 ], [ 139.766670557900056, 35.708708413962313 ], [ 139.766666667432901, 35.708708386982664 ], [ 139.766621672552333, 35.708707973294509 ], [ 139.76662306110552, 35.708763802307772 ], [ 139.766633333161963, 35.709154639575104 ], [ 139.766651387951356, 35.709822135283503 ], [ 139.766664474885829, 35.71030936008907 ], [ 139.766666667432901, 35.710394080722438 ], [ 139.766668637847488, 35.710469360272896 ], [ 139.766670583980499, 35.710469333293247 ], [ 139.766688366275275, 35.710469080583778 ], [ 139.767631970938851, 35.710457413678853 ], [ 139.76802641988354, 35.710452414347628 ], [ 139.768082528585978, 35.710452134658453 ], [ 139.768227250187579, 35.710450198418073 ], [ 139.76819807977779, 35.710775747602838 ], [ 139.768180025887659, 35.71097936040934 ], [ 139.768127250072666, 35.710983251775815 ], [ 139.768056135282563, 35.710988252006416 ], [ 139.767997807952611, 35.710992693757987 ], [ 139.76764863807432, 35.711017972801358 ], [ 139.767641141325839, 35.71102186506721 ], [ 139.767530025590418, 35.711077694080473 ], [ 139.767467522708216, 35.711109360109049 ], [ 139.767400855964866, 35.711142973169842 ], [ 139.766859196095197, 35.711195197700363 ], [ 139.766912801984404, 35.711291026759625 ], [ 139.766943086654351, 35.711294359647127 ], [ 139.767354189244656, 35.711338802344017 ], [ 139.767640311251512, 35.711369640096962 ], [ 139.767661698928464, 35.712599640161443 ], [ 139.767642802373643, 35.712816586316592 ], [ 139.767636978364067, 35.712882135202562 ], [ 139.767629754110089, 35.712966026660979 ], [ 139.767380310952717, 35.713067694118934 ], [ 139.76722308697606, 35.713131585554379 ], [ 139.766814474608509, 35.713251865381437 ], [ 139.766670583980499, 35.71329422524849 ], [ 139.766666667432901, 35.713295360192888 ] ] ] ] } },
{ "type": "Feature", "properties": { "fid": 34600, "OBJECTID": 34600.0, "N03_001": "東京都", "N03_002": null, "N03_003": null, "N03_004": "渋谷区", "N03_007": "13113", "Shape_Leng": 0.22319530718212699, "Shape_Area": 0.0015041772450959999 }, "geometry": { "type": "MultiPolygon", "coordinates": [ [ [ [ 139.68448313938552, 35.690495613681776 ], [ 139.684421193183653, 35.690368667180394 ], [ 139.684294812355915, 35.690376721508642 ], [ 139.68405814586697, 35.690391441611894 ], [ 139.683883411190664, 35.690029775653784 ], [ 139.683797302004109, 35.689897279436082 ], [ 139.683761751803559, 35.689842838076686 ], [ 139.683683696045932, 35.689722559148947 ], [ 139.683354812175025, 35.689382279069093 ], [ 139.68334508420844, 35.689343946366193 ], [ 139.683336744795156, 35.689311837871173 ], [ 139.68333333366661, 35.689298721259149 ], [ 139.683328145477731, 35.689278667276824 ], [ 139.683283411400453, 35.689103946090427 ], [ 139.6832598050961, 35.689012559682055 ], [ 139.683218949794878, 35.688716441710596 ], [ 139.68333333366661, 35.688446775498448 ], [ 139.68333671961409, 35.688438748149849 ], [ 139.683343943868067, 35.688421721285579 ], [ 139.683616161456825, 35.688092838313992 ], [ 139.68365450135434, 35.688029775154178 ], [ 139.683674227983374, 35.687997279051331 ], [ 139.683809222517766, 35.687775333564957 ], [ 139.683848106505138, 35.687752837923313 ], [ 139.683951997087206, 35.687693108550263 ], [ 139.684188391980911, 35.687557000655204 ], [ 139.685814527218781, 35.687862279121077 ], [ 139.68586564198597, 35.687871999893048 ], [ 139.685979805523743, 35.687893387569943 ], [ 139.686117030376863, 35.687345333520511 ], [ 139.686131479784194, 35.687287279584439 ], [ 139.685918145306346, 35.68721144155495 ], [ 139.685924811980613, 35.687104504969113 ], [ 139.68594228311008, 35.686825613511417 ], [ 139.685942555604584, 35.686822838203568 ], [ 139.685939222717138, 35.686769505708298 ], [ 139.685937276584241, 35.686742279632654 ], [ 139.685924501714567, 35.686544775021503 ], [ 139.685920337853531, 35.686482000544061 ], [ 139.685919780273821, 35.686471441603885 ], [ 139.685910610786209, 35.686450892095138 ], [ 139.685897834117895, 35.686421441096797 ], [ 139.685795058695135, 35.686187838598016 ], [ 139.685627562662035, 35.686124225053106 ], [ 139.685605058027136, 35.686115613145205 ], [ 139.685565331375074, 35.686100613352778 ], [ 139.685257834281856, 35.685983667312541 ], [ 139.68515143998718, 35.685943387577424 ], [ 139.685002827019048, 35.685886721295333 ], [ 139.684989494569663, 35.685881721064732 ], [ 139.684932827388252, 35.685745613169672 ], [ 139.685182555630604, 35.685473667176154 ], [ 139.685221725602332, 35.685330892606771 ], [ 139.685238949418135, 35.685267279061861 ], [ 139.685427004852613, 35.684580333715587 ], [ 139.685436161749635, 35.684548108308718 ], [ 139.685610610441472, 35.683930333418346 ], [ 139.685629494405816, 35.683862559609622 ], [ 139.685650895572508, 35.683787279159787 ], [ 139.685935863749251, 35.683411748353649 ], [ 139.686003722094256, 35.683333414705487 ], [ 139.686003800335243, 35.683333332867164 ], [ 139.686631141314251, 35.682608973025822 ], [ 139.687013917058835, 35.682181748289224 ], [ 139.687188638245289, 35.681987027079799 ], [ 139.687231699583435, 35.681952027264401 ], [ 139.68738224429535, 35.681829802203765 ], [ 139.68756308716695, 35.681683135368587 ], [ 139.687580026796923, 35.681669252534164 ], [ 139.687630856479018, 35.68162786483424 ], [ 139.687673087742951, 35.681593694193793 ], [ 139.688197523796816, 35.681904775085457 ], [ 139.688333645181729, 35.681985613345546 ], [ 139.688396161553783, 35.682031721586839 ], [ 139.688520895722945, 35.682123387684385 ], [ 139.688614773253335, 35.682192279350375 ], [ 139.688639222222491, 35.682210333240448 ], [ 139.688805888181378, 35.682332837990259 ], [ 139.688860610129268, 35.682377278888453 ], [ 139.688893671006326, 35.682404225274922 ], [ 139.689092827672084, 35.682566171591702 ], [ 139.690141971375056, 35.683333332867164 ], [ 139.690142049616043, 35.683333386826519 ], [ 139.690263385247249, 35.683422000625001 ], [ 139.690311167126879, 35.683452278999653 ], [ 139.69042116770288, 35.683521721050738 ], [ 139.690469494571744, 35.683552279114565 ], [ 139.690706446145782, 35.683702278837245 ], [ 139.690879494593219, 35.68381172093433 ], [ 139.691028106661975, 35.683890054582491 ], [ 139.691249248154463, 35.684006441244435 ], [ 139.691273969618237, 35.684019505695801 ], [ 139.691327860592423, 35.684048108633476 ], [ 139.691393969756064, 35.684082838652273 ], [ 139.691666667582808, 35.684281468315248 ], [ 139.691670078711354, 35.684283945947527 ], [ 139.691863411367535, 35.684424775283333 ], [ 139.692027860497546, 35.684544775421216 ], [ 139.692112309535673, 35.684606171237988 ], [ 139.692448975240154, 35.684851441540957 ], [ 139.692614254444493, 35.684971721368015 ], [ 139.692840363791902, 35.685148667477165 ], [ 139.693059805565781, 35.685303667430446 ], [ 139.693462581333279, 35.685587837908542 ], [ 139.693816200157698, 35.685831721456964 ], [ 139.694462049184381, 35.686288387299385 ], [ 139.694908171375232, 35.68657005406493 ], [ 139.695029559166983, 35.686648946192065 ], [ 139.695218716270915, 35.686746441695107 ], [ 139.695463165492924, 35.686860053948521 ], [ 139.695810661732821, 35.687003108207023 ], [ 139.695974553283236, 35.68707089190832 ], [ 139.696475383032634, 35.687277531832819 ], [ 139.696612606986378, 35.687321135462184 ], [ 139.696667056439651, 35.687338639866482 ], [ 139.696895940195645, 35.687411413905807 ], [ 139.698062088394863, 35.687870027679821 ], [ 139.698141803401654, 35.687901135229367 ], [ 139.698910973762622, 35.688203640186032 ], [ 139.699044306349833, 35.688249748427324 ], [ 139.699137082210768, 35.688281694145019 ], [ 139.699197912353952, 35.688302802132796 ], [ 139.699214306095541, 35.688308359943051 ], [ 139.699596524260414, 35.688440586364152 ], [ 139.699881530208586, 35.68853919792582 ], [ 139.69999097320499, 35.68857697304901 ], [ 139.700000000599744, 35.688579973187359 ], [ 139.700003476479424, 35.688581135111463 ], [ 139.700161530530409, 35.688633919020333 ], [ 139.700202088156061, 35.688788081704786 ], [ 139.700367912349407, 35.688823639999157 ], [ 139.700641530182679, 35.688882801899979 ], [ 139.70083739353106, 35.688925026868674 ], [ 139.700917951202655, 35.688942252483116 ], [ 139.701275720398371, 35.689019198477411 ], [ 139.701427665354686, 35.689051973370056 ], [ 139.701491829284691, 35.689063080896631 ], [ 139.702102944695298, 35.689169467996692 ], [ 139.702263774054131, 35.688552801970388 ], [ 139.702208781410263, 35.688504198110422 ], [ 139.702184890020817, 35.688454198502598 ], [ 139.702234617134081, 35.688309748496238 ], [ 139.7023445781399, 35.687991134883134 ], [ 139.702462387529295, 35.68800002737953 ], [ 139.702563774398868, 35.688007532222002 ], [ 139.70271014355842, 35.687771973697807 ], [ 139.702919883446043, 35.687803360037208 ], [ 139.704038781264899, 35.687971414549281 ], [ 139.704050169380025, 35.687973360682236 ], [ 139.704451556594222, 35.688033640440324 ], [ 139.704528495393902, 35.688045027656074 ], [ 139.704602387290493, 35.688056135182649 ], [ 139.704624890126752, 35.688061414203048 ], [ 139.704724617747047, 35.688085027702016 ], [ 139.704764890287606, 35.688094748474043 ], [ 139.705487665523492, 35.688129197904345 ], [ 139.705594060717544, 35.688099748704587 ], [ 139.705780169119635, 35.688048080854401 ], [ 139.705841829337146, 35.687973919161209 ], [ 139.705942672116748, 35.687853080855177 ], [ 139.706088781372387, 35.687545027081512 ], [ 139.706104890028882, 35.68721225184413 ], [ 139.706194332102882, 35.687033640190521 ], [ 139.706496278580516, 35.68675336017958 ], [ 139.706702944585459, 35.686544198556078 ], [ 139.70689267275884, 35.686351972965326 ], [ 139.707112114532606, 35.68614919832703 ], [ 139.707201284112102, 35.685986694430596 ], [ 139.707216005114674, 35.685933919514923 ], [ 139.707234617483778, 35.685867802257462 ], [ 139.707248495821659, 35.685818919607641 ], [ 139.707274332444626, 35.685726972921657 ], [ 139.707293748807615, 35.685363640519768 ], [ 139.707318470271389, 35.684974198100917 ], [ 139.70732652459958, 35.684608919566131 ], [ 139.707407639850885, 35.684462802216729 ], [ 139.707716252103523, 35.684365306713687 ], [ 139.708049027340962, 35.684235586703153 ], [ 139.708317082867211, 35.68417863983251 ], [ 139.708333333616679, 35.684180973573234 ], [ 139.708336809496359, 35.684181468200336 ], [ 139.708658470012551, 35.684227532374905 ], [ 139.709007638991579, 35.684203081607109 ], [ 139.709209857848805, 35.684139748650637 ], [ 139.709291803174324, 35.68411391922217 ], [ 139.709470700812403, 35.683983919522461 ], [ 139.709649300774799, 35.683902802472517 ], [ 139.709819857200841, 35.683837802173002 ], [ 139.709990415425523, 35.683748919477239 ], [ 139.710169027079132, 35.683643360652752 ], [ 139.71028457827083, 35.68351474860691 ], [ 139.710391803539096, 35.683470586498515 ], [ 139.710491803654008, 35.68342946859525 ], [ 139.710565966246577, 35.683398919524677 ], [ 139.710583476046736, 35.68339169437138 ], [ 139.710778470650098, 35.683375586614204 ], [ 139.710973191859466, 35.683367252596781 ], [ 139.711168781813967, 35.683367252596781 ], [ 139.711407393536547, 35.683367252596781 ], [ 139.711461971592939, 35.68333335984687 ], [ 139.711461997673268, 35.683333332867164 ], [ 139.711553217706978, 35.683276694464041 ], [ 139.711852114583621, 35.683050027536922 ], [ 139.712300973411402, 35.682709748356388 ], [ 139.712632918574513, 35.682477532612211 ], [ 139.712860973155557, 35.682334198664478 ], [ 139.713218755841126, 35.682109198181138 ], [ 139.713499027758075, 35.681840585974442 ], [ 139.713572088681076, 35.681770306654471 ], [ 139.71393208819552, 35.681513918932353 ], [ 139.714089027087084, 35.681392252350747 ], [ 139.714175966347966, 35.68132502712848 ], [ 139.714448470820457, 35.681113919372024 ], [ 139.714521530844195, 35.681057252190612 ], [ 139.714789585471181, 35.680862252191332 ], [ 139.714767367720015, 35.680767252307021 ], [ 139.714724577977108, 35.68058530596727 ], [ 139.714716252053563, 35.680550306151872 ], [ 139.714677639661545, 35.680471135234882 ], [ 139.71456180338464, 35.680233919260104 ], [ 139.714481530798139, 35.680090306522573 ], [ 139.714403748434393, 35.679951694015642 ], [ 139.714299274192285, 35.679765135053117 ], [ 139.714212633506463, 35.679610586559477 ], [ 139.713969857023471, 35.679183081234385 ], [ 139.713623165676722, 35.67857280219323 ], [ 139.713498716592653, 35.678353640108583 ], [ 139.712905110082943, 35.677287802290437 ], [ 139.712897056654015, 35.677044468227791 ], [ 139.712903722429019, 35.676902531826556 ], [ 139.712919831085514, 35.676567251977247 ], [ 139.712962335743327, 35.676218359989491 ], [ 139.712957886797199, 35.676093640209501 ], [ 139.712942607315654, 35.67564780220448 ], [ 139.712928418711726, 35.675242532616949 ], [ 139.712915136624474, 35.675000026829935 ], [ 139.712915136624474, 35.674999999850286 ], [ 139.712894254366574, 35.674618359949534 ], [ 139.713078418434407, 35.674597532550251 ], [ 139.713688418685706, 35.67461586523018 ], [ 139.713865084206418, 35.674701135349267 ], [ 139.714652555770954, 35.674999999850286 ], [ 139.714652633112678, 35.675000026829935 ], [ 139.714722892647501, 35.675026694426549 ], [ 139.714859559021647, 35.675078081688298 ], [ 139.714899222721101, 35.675000026829935 ], [ 139.714899222721101, 35.674999999850286 ], [ 139.715082892161945, 35.674638640561 ], [ 139.715462309837903, 35.673890306592568 ], [ 139.716004553367611, 35.674010027041277 ], [ 139.71615732839814, 35.67404364010207 ], [ 139.716558418836144, 35.673433081371797 ], [ 139.716621479298055, 35.673308919171461 ], [ 139.716666667532877, 35.673220135401095 ], [ 139.716670078661423, 35.673213413868098 ], [ 139.716818418235562, 35.672921973270604 ], [ 139.716848145325798, 35.672866135264087 ], [ 139.716897302268876, 35.672775027645571 ], [ 139.716940921186733, 35.672693360210587 ], [ 139.717005642696449, 35.672572802492994 ], [ 139.716804527307318, 35.672480865699583 ], [ 139.716670078661423, 35.672419306206166 ], [ 139.716666667532877, 35.672417748580415 ], [ 139.716560078085308, 35.672368918990571 ], [ 139.716537588738902, 35.67237586535407 ], [ 139.716202581384209, 35.672481135496184 ], [ 139.716128690386881, 35.672516135311582 ], [ 139.716073696843864, 35.672542252523101 ], [ 139.715707302250394, 35.672715586055631 ], [ 139.715476200766261, 35.672798919035074 ], [ 139.714933411348056, 35.672994468520073 ], [ 139.714657859972476, 35.672621135657039 ], [ 139.714557302277854, 35.67254919798728 ], [ 139.71450258122934, 35.672461414263012 ], [ 139.714334527616529, 35.672192802056315 ], [ 139.714608418843682, 35.672081135036535 ], [ 139.714541193621358, 35.671920865056052 ], [ 139.714526472618786, 35.671886135037255 ], [ 139.714510363063027, 35.671847532537754 ], [ 139.714301751824564, 35.671547252503842 ], [ 139.714236200240634, 35.671433360561309 ], [ 139.714236200240634, 35.671131973461968 ], [ 139.714008664568382, 35.670862801876979 ], [ 139.71383783474846, 35.670518360633992 ], [ 139.713735058426437, 35.670310865454269 ], [ 139.714086161847035, 35.670048640232721 ], [ 139.714089222239977, 35.670046694099824 ], [ 139.714173113698394, 35.669992251841109 ], [ 139.714204228442554, 35.669972252717457 ], [ 139.714309780072426, 35.669903919530441 ], [ 139.714615616117953, 35.669705865433514 ], [ 139.714708105994418, 35.669591694701126 ], [ 139.714668392832209, 35.669540865019087 ], [ 139.714535058446359, 35.669370027105231 ], [ 139.714393385546487, 35.669188081664799 ], [ 139.71381255570509, 35.66934891911751 ], [ 139.713477276755043, 35.668986414091876 ], [ 139.712893385621442, 35.668347532113103 ], [ 139.712672827788992, 35.668105892373205 ], [ 139.711788911129474, 35.667118387303901 ], [ 139.711560584053927, 35.666863387235708 ], [ 139.711513359753894, 35.666810613219411 ], [ 139.711381971500941, 35.66677866750166 ], [ 139.71128221869958, 35.666666721692025 ], [ 139.711282192619251, 35.666666666833351 ], [ 139.71102114101302, 35.666373667710786 ], [ 139.711013917658306, 35.666365613382538 ], [ 139.710950584701891, 35.666294504887674 ], [ 139.710841141705487, 35.666219774822935 ], [ 139.710719196334026, 35.666170333694083 ], [ 139.710706420565089, 35.666165054673684 ], [ 139.710608911572194, 35.666139775630313 ], [ 139.710551699401549, 35.666125054627742 ], [ 139.710440311171624, 35.666084774892624 ], [ 139.710435863124758, 35.666083108448845 ], [ 139.710262529592228, 35.666020333072083 ], [ 139.710247523504563, 35.666011441475007 ], [ 139.710162801971933, 35.665960613591608 ], [ 139.709887523090856, 35.665655054537297 ], [ 139.709590830452612, 35.665335054169589 ], [ 139.709564163755317, 35.665306171542738 ], [ 139.709539170696303, 35.665279225156269 ], [ 139.709342503354037, 35.665067279231721 ], [ 139.70931778278964, 35.665040892223544 ], [ 139.709292503746269, 35.665013387358101 ], [ 139.708705279725109, 35.664380613574622 ], [ 139.708637497822451, 35.664230054473592 ], [ 139.708625837212821, 35.664204775430221 ], [ 139.708604163551513, 35.664156441366856 ], [ 139.708563891010954, 35.664067000192063 ], [ 139.709320558097488, 35.663545333150751 ], [ 139.709956108987399, 35.66314089183885 ], [ 139.710023333310346, 35.663080612980082 ], [ 139.710032776191838, 35.66307200017286 ], [ 139.71022834006601, 35.662896721406753 ], [ 139.71027027275511, 35.662847559067757 ], [ 139.71054472156186, 35.662524775298323 ], [ 139.711080000741617, 35.661895613192144 ], [ 139.711549170757849, 35.661372279707109 ], [ 139.711643606767211, 35.661257559488945 ], [ 139.711834721695254, 35.661025613541369 ], [ 139.71201277666853, 35.660865333668369 ], [ 139.71216250299733, 35.660730332838739 ], [ 139.71231778263973, 35.660635332954428 ], [ 139.712359442834213, 35.660609775121202 ], [ 139.712397224252641, 35.660586441311409 ], [ 139.712797497206907, 35.660341441704361 ], [ 139.712834449450497, 35.660318667272861 ], [ 139.712878612458212, 35.660291720886391 ], [ 139.713266939717641, 35.660053667642785 ], [ 139.713792503521404, 35.659758386940155 ], [ 139.713772775992993, 35.659673945995962 ], [ 139.713450558796467, 35.659110053985955 ], [ 139.713369974145166, 35.659017279024397 ], [ 139.713279689406363, 35.658913387542952 ], [ 139.713027756026349, 35.658622838173585 ], [ 139.712877756303556, 35.658450054126888 ], [ 139.712971089744201, 35.658401171477067 ], [ 139.713100195517768, 35.65833338687645 ], [ 139.713100311530297, 35.658333332917152 ], [ 139.713199144325245, 35.658281441135784 ], [ 139.713673307377462, 35.658017279673857 ], [ 139.713692192241069, 35.658003386946916 ], [ 139.713937471537292, 35.657823107950264 ], [ 139.714278586188016, 35.657512000078896 ], [ 139.714463865415269, 35.657348108528538 ], [ 139.714594695189248, 35.657278387687597 ], [ 139.714746641044826, 35.657217559343053 ], [ 139.714979974646326, 35.657142838271511 ], [ 139.715164968788486, 35.657106440909672 ], [ 139.715209415981917, 35.65709755920517 ], [ 139.715780532245958, 35.656985333706359 ], [ 139.716183865593052, 35.656946170929189 ], [ 139.716248859597385, 35.656939774950843 ], [ 139.71631552544136, 35.656933387066317 ], [ 139.716493307020642, 35.656916171344392 ], [ 139.716666667532877, 35.656901837949647 ], [ 139.716669974339993, 35.656901559159792 ], [ 139.716728586755039, 35.656896721706516 ], [ 139.717505253864601, 35.656678108208268 ], [ 139.717851362450574, 35.656558946238533 ], [ 139.718045279666057, 35.656982279608656 ], [ 139.718188612714471, 35.656932559690063 ], [ 139.71847360607228, 35.656833946329698 ], [ 139.720158340235344, 35.656228667519144 ], [ 139.721538340022562, 35.655744468032935 ], [ 139.721716109011368, 35.655681973244612 ], [ 139.721973891582024, 35.655603359907275 ], [ 139.722041388399589, 35.655600306708948 ], [ 139.722100000814521, 35.655603359907275 ], [ 139.722161388537415, 35.655623919308596 ], [ 139.722279728526814, 35.655700865302833 ], [ 139.722381388790268, 35.655768640010876 ], [ 139.722518885238514, 35.655860586696861 ], [ 139.722599170415606, 35.655914468677963 ], [ 139.722655837597017, 35.655961693877259 ], [ 139.722792776465667, 35.656075306130617 ], [ 139.722763333561147, 35.655931973082261 ], [ 139.722731946322483, 35.655866414303716 ], [ 139.722698054471834, 35.655808918846674 ], [ 139.722611388604832, 35.655660586467036 ], [ 139.722530558438734, 35.655522251850584 ], [ 139.722061946002214, 35.654863919334559 ], [ 139.721637756477435, 35.653992000530593 ], [ 139.721569689489797, 35.653832279136566 ], [ 139.72155192068476, 35.653737558941373 ], [ 139.72155802977943, 35.653616171149565 ], [ 139.721667470977195, 35.653035054424379 ], [ 139.72173608385333, 35.652647837827601 ], [ 139.72180747113805, 35.652486721585092 ], [ 139.721875525535211, 35.652397837990009 ], [ 139.72194664122469, 35.652365332893964 ], [ 139.722011634329647, 35.652356441296888 ], [ 139.722160803978113, 35.65234894634699 ], [ 139.722164968738525, 35.652348667557135 ], [ 139.722189416808305, 35.652347559592386 ], [ 139.722405525694626, 35.652329775498913 ], [ 139.722419416622984, 35.652208946186079 ], [ 139.722490246327993, 35.651047000518815 ], [ 139.72250885959636, 35.650843387712314 ], [ 139.722512750063515, 35.650802559390797 ], [ 139.722524968252856, 35.650670613558134 ], [ 139.722538859181213, 35.650519775667306 ], [ 139.722544695781266, 35.650457279080342 ], [ 139.72257581142469, 35.650284504926105 ], [ 139.722626835360302, 35.650000053859571 ], [ 139.722626835360302, 35.649999999900217 ], [ 139.722628029659973, 35.649993387185248 ], [ 139.722634423839736, 35.649969225099824 ], [ 139.722649416437548, 35.649913108303451 ], [ 139.722709144012015, 35.649688667198404 ], [ 139.722777755988773, 35.649431441308138 ], [ 139.722952438504421, 35.648775613403984 ], [ 139.72303328126111, 35.6484725589616 ], [ 139.723120506506348, 35.648230892242054 ], [ 139.72328022070576, 35.647788946502828 ], [ 139.723256329316314, 35.647735891898037 ], [ 139.723243839531733, 35.647707838446138 ], [ 139.723125499542334, 35.647444225570723 ], [ 139.723115772475126, 35.647422279414855 ], [ 139.723083281768254, 35.647349775172131 ], [ 139.723047717178588, 35.647270613248395 ], [ 139.723018003578204, 35.647204775679995 ], [ 139.723014669791382, 35.647197000141603 ], [ 139.722979105201716, 35.64711783821781 ], [ 139.723190506137144, 35.646959505377026 ], [ 139.723369390285256, 35.646821171659894 ], [ 139.723560220128206, 35.646701171522011 ], [ 139.723489948002907, 35.646594775428696 ], [ 139.723452166584366, 35.646537279072334 ], [ 139.723322165985337, 35.646340054150357 ], [ 139.723124163149805, 35.646018559109393 ], [ 139.722931336811939, 35.645705333334604 ], [ 139.722751894184739, 35.645486171249956 ], [ 139.722788275358766, 35.645314774857127 ], [ 139.722815499635772, 35.645187278869969 ], [ 139.722855499681714, 35.644998946444389 ], [ 139.722868003855524, 35.644940333130023 ], [ 139.722758833353623, 35.644782838457388 ], [ 139.722686615095427, 35.644678107908533 ], [ 139.722628003579644, 35.644593387275165 ], [ 139.722492140300233, 35.644397279311136 ], [ 139.722402140646409, 35.644398108486087 ], [ 139.722361310526253, 35.64439866696506 ], [ 139.722316861534068, 35.644398946654235 ], [ 139.722239364255415, 35.644399774929809 ], [ 139.722222140439612, 35.644400054618984 ], [ 139.721922140094875, 35.644403108716688 ], [ 139.721908807645491, 35.644403108716688 ], [ 139.721459364258408, 35.644407838251311 ], [ 139.721440467703587, 35.644407838251311 ], [ 139.721316861284322, 35.644409225005916 ], [ 139.720957134264495, 35.64395172099529 ], [ 139.72065435861191, 35.643547559372507 ], [ 139.720609364630604, 35.643487559303594 ], [ 139.720526861725489, 35.643377279038361 ], [ 139.720176304193274, 35.64290977546591 ], [ 139.720047419652929, 35.642737558891383 ], [ 139.720023800757986, 35.642706441449263 ], [ 139.7199543587069, 35.642613667387025 ], [ 139.71969158220088, 35.642248946431891 ], [ 139.719566589027067, 35.642115054466331 ], [ 139.719560752427014, 35.642108946271037 ], [ 139.719529079203767, 35.642080613129963 ], [ 139.719439637129767, 35.642000054559048 ], [ 139.719202412161735, 35.641847559217638 ], [ 139.718884060251412, 35.641686441176489 ], [ 139.718843502625759, 35.641676170918743 ], [ 139.718806589052974, 35.641666720842636 ], [ 139.718806329148947, 35.641666666883339 ], [ 139.71877294451599, 35.641658108035415 ], [ 139.718683217356784, 35.641648387263444 ], [ 139.718394332632556, 35.641661171126316 ], [ 139.717640999332843, 35.641661171126316 ], [ 139.71729294461386, 35.641653972952668 ], [ 139.717265914590484, 35.641666666883339 ], [ 139.717265746417297, 35.641666747822342 ], [ 139.716809883669384, 35.641880919568962 ], [ 139.71666988350853, 35.641938387147036 ], [ 139.716666667532877, 35.641939693861957 ], [ 139.716531829480573, 35.641995081308096 ], [ 139.71646683547624, 35.642055081377066 ], [ 139.716434332178892, 35.642085360651038 ], [ 139.716402944040851, 35.642114252271085 ], [ 139.716329883117737, 35.642181748189273 ], [ 139.716134332733418, 35.6423850813066 ], [ 139.716032672470078, 35.64231425250091 ], [ 139.715930726222268, 35.642243414701966 ], [ 139.715816835178998, 35.642349252316308 ], [ 139.715756278429694, 35.642413972926647 ], [ 139.715712114522603, 35.642433972949675 ], [ 139.715651555974659, 35.642450081606171 ], [ 139.715574890568973, 35.642478413847869 ], [ 139.715522387248598, 35.642554532465851 ], [ 139.715474060379734, 35.642598973364102 ], [ 139.715409611364635, 35.642615081121278 ], [ 139.715393774303379, 35.642615919289426 ], [ 139.715236005337601, 35.642623135449526 ], [ 139.71493961127419, 35.642585919704572 ], [ 139.7145201692706, 35.642533694274732 ], [ 139.714298781363823, 35.642505919612688 ], [ 139.71303544702846, 35.642316198633807 ], [ 139.71261544744516, 35.64223508158392 ], [ 139.712259339297248, 35.642166198011807 ], [ 139.712140441728138, 35.642143134897935 ], [ 139.71194627809848, 35.642105640363184 ], [ 139.711888495757648, 35.642094531937289 ], [ 139.711758223563379, 35.642077027532935 ], [ 139.711624617582174, 35.642058973642861 ], [ 139.711547108612308, 35.642048694391917 ], [ 139.711030725987371, 35.641979252340775 ], [ 139.71098878160717, 35.64197369453052 ], [ 139.710948495576758, 35.641968134921683 ], [ 139.710867108730213, 35.641957306184906 ], [ 139.710713774321448, 35.641937306161935 ], [ 139.710625162321548, 35.641929251833687 ], [ 139.710548495117109, 35.641848694162093 ], [ 139.710448807066996, 35.641666747822342 ], [ 139.710448780986667, 35.641666666883339 ], [ 139.710394034757087, 35.641566748606749 ], [ 139.710377639216858, 35.641537026912431 ], [ 139.710334578777974, 35.641458135684559 ], [ 139.710244864209244, 35.641503973229931 ], [ 139.710107082675904, 35.641574252549901 ], [ 139.709987082537964, 35.641603135176695 ], [ 139.709721025305271, 35.641666666883339 ], [ 139.709720636798124, 35.641666747822342 ], [ 139.709389027082125, 35.641745919638652 ], [ 139.708623748087689, 35.642007586381169 ], [ 139.708336524411266, 35.64219227925048 ], [ 139.708333333616679, 35.642194333302029 ], [ 139.707953748666796, 35.642438414701246 ], [ 139.707531245370888, 35.642693973248413 ], [ 139.707420415619822, 35.642809251945607 ], [ 139.707295422446009, 35.642947586562059 ], [ 139.70673902718454, 35.643363693879508 ], [ 139.706444578354763, 35.64358369413236 ], [ 139.706143476340571, 35.643751748644434 ], [ 139.706058755707204, 35.64379897294441 ], [ 139.705467367824895, 35.644129252563118 ], [ 139.705187912492306, 35.644308134912649 ], [ 139.704751245773537, 35.644587586647958 ], [ 139.704150143414608, 35.644972027037568 ], [ 139.703416252558213, 35.645503135161732 ], [ 139.703090973170106, 35.645738413996753 ], [ 139.702577912640777, 35.646109838498433 ], [ 139.702539027754142, 35.64613817163945 ], [ 139.702437367490688, 35.646211774853668 ], [ 139.702413191016149, 35.646227613713563 ], [ 139.702409027155113, 35.646230387222772 ], [ 139.702156252009559, 35.646396224906027 ], [ 139.702155966025202, 35.646396224906027 ], [ 139.702023476102681, 35.646483441158068 ], [ 139.70201486419478, 35.646488999867643 ], [ 139.701799585382787, 35.646630387682421 ], [ 139.701779027780049, 35.646643721031069 ], [ 139.701534578558153, 35.64691622550356 ], [ 139.701316809523291, 35.647070387288693 ], [ 139.701207912415384, 35.647147612972105 ], [ 139.701090415090789, 35.64723066716175 ], [ 139.701080415528963, 35.647237613525192 ], [ 139.700267639739991, 35.647750946549138 ], [ 139.70000319139433, 35.647908198404821 ], [ 139.700000000599744, 35.647910081585167 ], [ 139.699875694507909, 35.647984000461406 ], [ 139.699739585713473, 35.648065108518097 ], [ 139.699699300582438, 35.6480889999076 ], [ 139.698925966360434, 35.648679838304076 ], [ 139.698696252530226, 35.648855386866785 ], [ 139.698539857728406, 35.648992892308286 ], [ 139.698210700463619, 35.649282613402079 ], [ 139.697556809699222, 35.649857892627836 ], [ 139.697393774303464, 35.649999999900217 ], [ 139.697393645700345, 35.650000108718189 ], [ 139.697177912730695, 35.650188171347168 ], [ 139.696869585563149, 35.650456775459986 ], [ 139.696713476745686, 35.650475667518208 ], [ 139.69658847008202, 35.650490667310635 ], [ 139.695890972990242, 35.650681775044063 ], [ 139.695939857438702, 35.650752892532125 ], [ 139.695890972990242, 35.650955108691505 ], [ 139.695979857484645, 35.65112205433951 ], [ 139.696003476379474, 35.651166225441102 ], [ 139.695868755239076, 35.651259838570866 ], [ 139.695647082247206, 35.651414279145854 ], [ 139.695282633786746, 35.651579279560281 ], [ 139.695177639736471, 35.651726504874489 ], [ 139.695118470641091, 35.651809559064077 ], [ 139.694955694250098, 35.652143999845862 ], [ 139.694415694528857, 35.652639838358027 ], [ 139.69427791209614, 35.652766225481059 ], [ 139.693784617766028, 35.653195945836387 ], [ 139.69375822356335, 35.653218999957062 ], [ 139.693438495690202, 35.653497054145873 ], [ 139.693217951347606, 35.653658171287759 ], [ 139.693202672765324, 35.653669559402829 ], [ 139.693194890032373, 35.653675108219829 ], [ 139.69313016942192, 35.653722333419125 ], [ 139.693085447035969, 35.653755108311771 ], [ 139.693037951140695, 35.653798171448614 ], [ 139.693036005007798, 35.653800108588314 ], [ 139.693034617353874, 35.65380122554626 ], [ 139.69294321745565, 35.65388400004673 ], [ 139.692899611128382, 35.653946225038396 ], [ 139.69289128430546, 35.653958441429097 ], [ 139.692392944778703, 35.654727892378503 ], [ 139.692313502266529, 35.65485038723574 ], [ 139.69225016931, 35.654947892631299 ], [ 139.691967951260153, 35.655383721181977 ], [ 139.691833217529165, 35.655593171487851 ], [ 139.691669883558461, 35.65584708157769 ], [ 139.691666667582808, 35.655852080908971 ], [ 139.691652387248041, 35.655874278875046 ], [ 139.691631556251536, 35.655906774977836 ], [ 139.691472114546627, 35.65615455888593 ], [ 139.691142114617037, 35.656652892117449 ], [ 139.691071284012764, 35.65672789197879 ], [ 139.691056005430482, 35.656744279425141 ], [ 139.690897108714807, 35.656912613626389 ], [ 139.690794889972381, 35.657021225649203 ], [ 139.690772944715832, 35.657044278870558 ], [ 139.690772387136121, 35.657045108045452 ], [ 139.690407108601335, 35.657549279675663 ], [ 139.690389611391652, 35.657573721450262 ], [ 139.690336005502445, 35.657667613369824 ], [ 139.69028016929451, 35.657765107973546 ], [ 139.690212113998086, 35.657884559524973 ], [ 139.690047951751694, 35.658077333702181 ], [ 139.689829728559289, 35.658333332917152 ], [ 139.689829637727826, 35.658333440835804 ], [ 139.689821829813809, 35.658342613021318 ], [ 139.689639610979498, 35.658484559315127 ], [ 139.689545720858519, 35.65857150487119 ], [ 139.689505447418696, 35.65861177561311 ], [ 139.689430999741035, 35.65869261297388 ], [ 139.689349883590467, 35.658840667462982 ], [ 139.689304890508424, 35.658914279670455 ], [ 139.689277393736916, 35.658937332891753 ], [ 139.689234617483748, 35.658949559174971 ], [ 139.689194890831686, 35.658954000027222 ], [ 139.689152944652847, 35.658949000695998 ], [ 139.689130726002418, 35.658946505077324 ], [ 139.689066550381199, 35.658934279693426 ], [ 139.689005447743398, 35.658917332868782 ], [ 139.688922944838168, 35.658912892016531 ], [ 139.688840726118769, 35.658910387404603 ], [ 139.688820441010762, 35.658909837918827 ], [ 139.688791284090712, 35.658909837918827 ], [ 139.688765447467631, 35.658926505054353 ], [ 139.688734890303067, 35.6589678918549 ], [ 139.688708781185483, 35.65900455901334 ], [ 139.688682944562402, 35.659038171174814 ], [ 139.688652387397951, 35.659088441478559 ], [ 139.68840489037359, 35.659528441084831 ], [ 139.688141284692733, 35.660072333071867 ], [ 139.688300726397529, 35.660191775630096 ], [ 139.688101556242032, 35.660550387490559 ], [ 139.688041556173062, 35.660741505116562 ], [ 139.688011284093704, 35.660833441010652 ], [ 139.687827108334545, 35.661037891985302 ], [ 139.687611284533318, 35.661269559143022 ], [ 139.687439053569619, 35.661462054530375 ], [ 139.687330999126516, 35.661571225032162 ], [ 139.687183217131974, 35.661693721688096 ], [ 139.687023502033185, 35.661809000385233 ], [ 139.686863774343919, 35.66189289184365 ], [ 139.686594890541983, 35.662004838552605 ], [ 139.686529339857316, 35.662024000407484 ], [ 139.686408781240402, 35.662059559601175 ], [ 139.686267393425624, 35.662100946401722 ], [ 139.685933774624232, 35.662194000153136 ], [ 139.685657951653297, 35.662349559484767 ], [ 139.68560822364077, 35.662377612936666 ], [ 139.685409883559487, 35.662515666964623 ], [ 139.685271556137536, 35.662593720923667 ], [ 139.685021284704703, 35.662669000474182 ], [ 139.684753774167575, 35.662713999851405 ], [ 139.684438223645316, 35.662779838319068 ], [ 139.684312114412705, 35.662830945891585 ], [ 139.684230999161514, 35.662875946168128 ], [ 139.684143774815539, 35.662908999850629 ], [ 139.683982386977732, 35.662925946675273 ], [ 139.683806278137354, 35.66293510806895 ], [ 139.683478495036638, 35.662919279101629 ], [ 139.683336550541526, 35.662895667401301 ], [ 139.68333333366661, 35.662895135002657 ], [ 139.683247951132216, 35.66288094639873 ], [ 139.682988781807012, 35.662869837972835 ], [ 139.682717664988445, 35.662885666940156 ], [ 139.682448495202038, 35.662924000542375 ], [ 139.68222961100787, 35.662978171205793 ], [ 139.682041829866762, 35.663038721659859 ], [ 139.681867393765401, 35.663105387503776 ], [ 139.681221284834578, 35.663353441208528 ], [ 139.681073502840036, 35.663403721404791 ], [ 139.680447108847147, 35.663617613462236 ], [ 139.679937951375564, 35.663766775016825 ], [ 139.679659027542243, 35.663815386970725 ], [ 139.679463476258547, 35.663833171064141 ], [ 139.679347912476373, 35.663843721011062 ], [ 139.678906252721617, 35.663872081131785 ], [ 139.678782361217145, 35.663884586204858 ], [ 139.678340415477919, 35.663928748313253 ], [ 139.677879857369703, 35.663948748336225 ], [ 139.677174578444237, 35.663908197905187 ], [ 139.676455422080267, 35.663843468301593 ], [ 139.675852633492468, 35.663826802065444 ], [ 139.675435422706755, 35.663815135160519 ], [ 139.675213191235912, 35.663827080855242 ], [ 139.675054643457202, 35.663866532314785 ], [ 139.675032361854164, 35.663872081131785 ], [ 139.675003191444262, 35.663879505035311 ], [ 139.675002918050382, 35.663879585974257 ], [ 139.675000000649675, 35.663880532061057 ], [ 139.67499430614248, 35.663882360382786 ], [ 139.674833191698667, 35.6639318024109 ], [ 139.674699857312703, 35.664016532037465 ], [ 139.67453403401862, 35.664157918952981 ], [ 139.674440700578089, 35.66425569414514 ], [ 139.674356252439225, 35.664344027355128 ], [ 139.674296809050702, 35.664415134950673 ], [ 139.674233476094173, 35.664523747872806 ], [ 139.67418625269363, 35.664598748633523 ], [ 139.674108197835267, 35.664754865544751 ], [ 139.673983191171487, 35.665005413968856 ], [ 139.673849027610686, 35.665258198107495 ], [ 139.673700143047313, 35.665539306394066 ], [ 139.67362347674225, 35.665683748306492 ], [ 139.673554306286405, 35.665813748006258 ], [ 139.673497912498874, 35.665919865309718 ], [ 139.673351803243349, 35.666193748442879 ], [ 139.673315694563826, 35.666261801940777 ], [ 139.673291245594669, 35.666307640385469 ], [ 139.673157912108081, 35.666565973341164 ], [ 139.673117756479428, 35.666666666833351 ], [ 139.673117691728294, 35.666666802631028 ], [ 139.672936809286512, 35.667120135585947 ], [ 139.67292208828394, 35.667157640013215 ], [ 139.67286236160885, 35.667307081256979 ], [ 139.672825966045707, 35.667400135008393 ], [ 139.672805966022679, 35.667480694478627 ], [ 139.672771530082173, 35.667717640656747 ], [ 139.672769585747915, 35.66773125189593 ], [ 139.67276625286047, 35.667746802073395 ], [ 139.672687082842799, 35.668124586580575 ], [ 139.672642633850614, 35.66833597312683 ], [ 139.672643191430325, 35.66840569396777 ], [ 139.672644864169342, 35.668575414024303 ], [ 139.672645966738173, 35.668683748156639 ], [ 139.672579585079916, 35.669066252305868 ], [ 139.672525422510375, 35.669299585907311 ], [ 139.672516524618118, 35.669338748684481 ], [ 139.672510415523448, 35.669365414482456 ], [ 139.672473502850039, 35.669524027012415 ], [ 139.67242211468897, 35.669745694608309 ], [ 139.672400999506749, 35.669837360705799 ], [ 139.67238572002509, 35.669903198274142 ], [ 139.672347951197139, 35.669982919576228 ], [ 139.672375161984291, 35.670207919160305 ], [ 139.672395720486293, 35.670423197972355 ], [ 139.672399339358208, 35.670459865130852 ], [ 139.672419339381236, 35.670669864922502 ], [ 139.672459883517035, 35.67116513506312 ], [ 139.672507665396665, 35.67139597304589 ], [ 139.672560999690518, 35.671654279021936 ], [ 139.672700584364634, 35.672278919336804 ], [ 139.672704332738931, 35.672295667411277 ], [ 139.672694501350293, 35.67229408100718 ], [ 139.672396550560507, 35.672246225383162 ], [ 139.672259339197353, 35.672224279227294 ], [ 139.672122412019917, 35.672196559423867 ], [ 139.672119857045914, 35.672196054004871 ], [ 139.671800999716538, 35.672131532144647 ], [ 139.671632672709848, 35.67209736060488 ], [ 139.671600726092834, 35.672090973619675 ], [ 139.67144600582867, 35.672059586380954 ], [ 139.670870441517877, 35.671976252502191 ], [ 139.670857808741061, 35.671974468247299 ], [ 139.670829053818011, 35.671970414103498 ], [ 139.670783774751612, 35.671963748328494 ], [ 139.670602944470488, 35.671937640110173 ], [ 139.67025933959701, 35.671828748398184 ], [ 139.670153839228419, 35.671812946410512 ], [ 139.670138780980096, 35.67181069450811 ], [ 139.670102114720976, 35.671805414588391 ], [ 139.670062387169651, 35.671799306393041 ], [ 139.669919883296188, 35.67177819840532 ], [ 139.669146524792495, 35.671836532030511 ], [ 139.668729196195613, 35.671862414518955 ], [ 139.668671803261304, 35.671865973136335 ], [ 139.668616252138463, 35.671869586612274 ], [ 139.668462918628961, 35.671879027695127 ], [ 139.668262361718803, 35.671847919246261 ], [ 139.667329027312917, 35.671704027718874 ], [ 139.667051245618723, 35.671706252641627 ], [ 139.667006809217014, 35.671706532330745 ], [ 139.666863476168714, 35.671707640295551 ], [ 139.666669857528063, 35.671704054698523 ], [ 139.66666666763274, 35.671703999839906 ], [ 139.666279027455289, 35.671696802565577 ], [ 139.666113476655823, 35.671685414450508 ], [ 139.666075136758309, 35.671682918831777 ], [ 139.66604097331242, 35.671680414219907 ], [ 139.664862633004304, 35.671599027373361 ], [ 139.664310389013394, 35.671562360214921 ], [ 139.66423594043647, 35.671557640572814 ], [ 139.663834838307366, 35.671530865057548 ], [ 139.663699274502051, 35.671521802589268 ], [ 139.663164837987097, 35.67148653207795 ], [ 139.663103995253323, 35.671485135430828 ], [ 139.662975863445467, 35.671482081333124 ], [ 139.662753165226604, 35.671476775333076 ], [ 139.662498444847529, 35.671470694117431 ], [ 139.662059274416151, 35.671443468041787 ], [ 139.661982335616472, 35.671482919501273 ], [ 139.661941219511846, 35.671534865241995 ], [ 139.661917328122399, 35.671564864826792 ], [ 139.661856226383975, 35.671642081517007 ], [ 139.661776667859158, 35.67187094638723 ], [ 139.661770389691924, 35.671889027256952 ], [ 139.661762607858236, 35.671910973412878 ], [ 139.661743450500012, 35.672071532075734 ], [ 139.661731505704552, 35.672170973711616 ], [ 139.661729831167008, 35.672185694714187 ], [ 139.661729831167008, 35.67228986498543 ], [ 139.661735110187351, 35.672388748142396 ], [ 139.661756226268949, 35.672522918897755 ], [ 139.661800117681423, 35.672810973547769 ], [ 139.661802607004915, 35.672826252129994 ], [ 139.661826783479455, 35.672985135355873 ], [ 139.661849559709594, 35.673133748324005 ], [ 139.661903165598801, 35.673274865442863 ], [ 139.661910947432489, 35.673294865465834 ], [ 139.661987613737551, 35.673346251828207 ], [ 139.66209844438788, 35.673420972899748 ], [ 139.662141245821999, 35.673669865671911 ], [ 139.662100700786937, 35.673741532645806 ], [ 139.662084306145971, 35.673770694062455 ], [ 139.662082633406953, 35.673773748160102 ], [ 139.661974306469233, 35.674215135420354 ], [ 139.661879585374777, 35.674389027431857 ], [ 139.661853191171986, 35.674437640285021 ], [ 139.661807082031373, 35.674522360019068 ], [ 139.661655966250009, 35.674457640307992 ], [ 139.66159124563967, 35.674646532111922 ], [ 139.661595136106826, 35.674750694289287 ], [ 139.661653476027254, 35.674835135233479 ], [ 139.661807588349689, 35.674999999850286 ], [ 139.661807717852071, 35.675000135647906 ], [ 139.661844864349177, 35.675039864997927 ], [ 139.661877912635759, 35.675128198207972 ], [ 139.661889027356892, 35.675157640213115 ], [ 139.661909585858893, 35.675212360362309 ], [ 139.661974306469233, 35.675325693825869 ], [ 139.661974306469233, 35.675476532616074 ], [ 139.662055136635445, 35.675622081593929 ], [ 139.662179300634421, 35.675702918954698 ], [ 139.662284577971036, 35.675735414158225 ], [ 139.662323476347524, 35.675747359852949 ], [ 139.662475966292959, 35.675794585951564 ], [ 139.663121530234662, 35.675993468324066 ], [ 139.663153191766582, 35.67600319808929 ], [ 139.663193475998241, 35.676015694169109 ], [ 139.663465966081617, 35.676126532013996 ], [ 139.663834578403225, 35.676261531944306 ], [ 139.663867639280284, 35.676273468645832 ], [ 139.663901556311998, 35.676285973718905 ], [ 139.664077665152263, 35.676350414640069 ], [ 139.664120726490523, 35.676347919021396 ], [ 139.664393217473162, 35.676444865038661 ], [ 139.664682944862193, 35.676588198087018 ], [ 139.664717108308082, 35.676605135019145 ], [ 139.664749339110926, 35.676620972979663 ], [ 139.665002672735341, 35.676746531827121 ], [ 139.665391556675218, 35.676984585970047 ], [ 139.665471556767102, 35.677058467974064 ], [ 139.665515720674193, 35.677121252344079 ], [ 139.665536005782201, 35.677149586384473 ], [ 139.665558781113077, 35.677181801898826 ], [ 139.665639339683935, 35.677296252320332 ], [ 139.665979053190881, 35.677867640179613 ], [ 139.666166278551145, 35.678132892519159 ], [ 139.666208223830608, 35.678192612898954 ], [ 139.666304086164814, 35.678328441104838 ], [ 139.666655473771243, 35.678732892309313 ], [ 139.66666666763274, 35.678745865029839 ], [ 139.666669922279311, 35.678749613404079 ], [ 139.666678249102119, 35.678759279317433 ], [ 139.66669741905082, 35.678781225473358 ], [ 139.667166589067051, 35.679320946404744 ], [ 139.667221310115565, 35.679375108074964 ], [ 139.667627134584791, 35.679775667013587 ], [ 139.667635746492692, 35.679780107865838 ], [ 139.667678249351866, 35.67980317097971 ], [ 139.667777419392564, 35.679856775070277 ], [ 139.667838807115459, 35.679949000546117 ], [ 139.667965473028289, 35.680019278966711 ], [ 139.668128521014637, 35.680084838644575 ], [ 139.668317419113805, 35.680162612914444 ], [ 139.668376304023354, 35.680187054688986 ], [ 139.668468521405316, 35.680225108602031 ], [ 139.668902166402063, 35.6805290003133 ], [ 139.669015227371005, 35.68060817123029 ], [ 139.669228275864384, 35.680697613304403 ], [ 139.669513281812669, 35.680817054063937 ], [ 139.670083839597737, 35.68107789253088 ], [ 139.671078833321644, 35.681416505267691 ], [ 139.671126887695891, 35.681432892713985 ], [ 139.671159948572949, 35.681444279030416 ], [ 139.671302724041652, 35.681492891883636 ], [ 139.671375227385056, 35.681554559295648 ], [ 139.67140133650264, 35.681577054037973 ], [ 139.671890804217469, 35.681994279212802 ], [ 139.671918300988978, 35.682018441298169 ], [ 139.671943307537845, 35.682040667143212 ], [ 139.672121634106361, 35.682197892019246 ], [ 139.672413580122793, 35.68245538770617 ], [ 139.672437198118359, 35.682476505586408 ], [ 139.672459144274285, 35.682495667441287 ], [ 139.672810804375331, 35.682805946137648 ], [ 139.672895525008698, 35.682870667647364 ], [ 139.672920804052069, 35.682889838495441 ], [ 139.673361089642754, 35.68322591964062 ], [ 139.673396355657474, 35.683280081310897 ], [ 139.673414423037343, 35.683308414451915 ], [ 139.673430636015269, 35.683333332867164 ], [ 139.673430700766403, 35.683333414705487 ], [ 139.673481089780694, 35.683411468664531 ], [ 139.673546083784913, 35.683512027258416 ], [ 139.673626082977535, 35.683555081402062 ], [ 139.673992477571005, 35.683655081516974 ], [ 139.674303606126728, 35.683936468593345 ], [ 139.674485837551515, 35.684125640086393 ], [ 139.67460805451833, 35.684196467992763 ], [ 139.674647224489945, 35.68421925231678 ], [ 139.674741673089898, 35.68427397336535 ], [ 139.675000000649675, 35.684466171077077 ], [ 139.675003333537234, 35.684468640615421 ], [ 139.675060558298355, 35.684511198333325 ], [ 139.675159170759343, 35.684670640038178 ], [ 139.675191388072335, 35.684722865468018 ], [ 139.675246109120849, 35.684811198678062 ], [ 139.675563061686148, 35.685385081256641 ], [ 139.675832776461675, 35.685860918846515 ], [ 139.675919170733323, 35.685885360621057 ], [ 139.676140856315669, 35.686118973012356 ], [ 139.676159468684659, 35.686133135535954 ], [ 139.676211699510532, 35.686173135581896 ], [ 139.676243359243813, 35.686197586349692 ], [ 139.676325577063949, 35.686260359927815 ], [ 139.676501414308973, 35.686415081091297 ], [ 139.676532244867417, 35.686442306267566 ], [ 139.67657280249307, 35.686477865461313 ], [ 139.6767880804058, 35.686667586440137 ], [ 139.677089754388817, 35.686840080905199 ], [ 139.677540026051588, 35.687185360316278 ], [ 139.677921699227227, 35.687431467888075 ], [ 139.67796946851638, 35.687457865688089 ], [ 139.678068080077992, 35.687512027358366 ], [ 139.678159196689762, 35.687582865157253 ], [ 139.678159754269473, 35.687583414643029 ], [ 139.679013671344023, 35.688247865246922 ], [ 139.679161167354209, 35.688446467930305 ], [ 139.679179780622576, 35.688471747873052 ], [ 139.679230895389651, 35.688540640438362 ], [ 139.679441440170535, 35.688742585901764 ], [ 139.679463943006795, 35.688764252368514 ], [ 139.679522827017081, 35.688802027491761 ], [ 139.679553385080794, 35.688821468136439 ], [ 139.679580052677466, 35.688838694650201 ], [ 139.679635058811073, 35.688873694465599 ], [ 139.679773113738406, 35.689025613341528 ], [ 139.679825616159405, 35.689097559105221 ], [ 139.679846161171554, 35.68912617103615 ], [ 139.679870610140711, 35.689159505307089 ], [ 139.679926446348645, 35.689235891923033 ], [ 139.680050052767911, 35.68936422517902 ], [ 139.680073943258094, 35.689411999864092 ], [ 139.680103943742211, 35.689472559311355 ], [ 139.680145331442077, 35.689555332912448 ], [ 139.680335616295793, 35.689797559010287 ], [ 139.680435888006059, 35.689856441221934 ], [ 139.680463943256541, 35.689873108357403 ], [ 139.680532283638172, 35.689913387193258 ], [ 139.680721167348224, 35.690024505626582 ], [ 139.680837834598606, 35.690101721417477 ], [ 139.681040636216608, 35.690236170962692 ], [ 139.68155953334599, 35.690526441542204 ], [ 139.681774527072889, 35.69067033306959 ], [ 139.681807588849324, 35.690692279225459 ], [ 139.681912309505606, 35.69076255944475 ], [ 139.682135914241258, 35.690912000688456 ], [ 139.68255980519109, 35.69114533339058 ], [ 139.682727030528213, 35.691250332836773 ], [ 139.682936744335507, 35.691381721089726 ], [ 139.682987860001958, 35.69142144144655 ], [ 139.683012581465618, 35.691440333504772 ], [ 139.683036744450419, 35.691459225562994 ], [ 139.683222309662028, 35.691603108097127 ], [ 139.683252866826479, 35.691626721596094 ], [ 139.683304280168613, 35.691666667682739 ], [ 139.683304332329271, 35.691666721642036 ], [ 139.68333333366661, 35.691689171418318 ], [ 139.683336744795156, 35.691691837908138 ], [ 139.683374254618343, 35.691720892305511 ], [ 139.683473696254282, 35.691840333065102 ], [ 139.68362817100342, 35.691970333664131 ], [ 139.683990117550024, 35.691990613376277 ], [ 139.684455383609247, 35.692024505226925 ], [ 139.684194280741622, 35.691684225147014 ], [ 139.684236135189622, 35.691666721642036 ], [ 139.684236252101527, 35.691666667682739 ], [ 139.684453450066826, 35.691575891914056 ], [ 139.684489559645613, 35.691560892121629 ], [ 139.684521777857981, 35.691547279083807 ], [ 139.684818444415896, 35.691423387579448 ], [ 139.684810117592974, 35.691242559096963 ], [ 139.684738975823279, 35.691018386889198 ], [ 139.684497860388092, 35.69052561326663 ], [ 139.68448313938552, 35.690495613681776 ] ] ] ] } }
]
}
